request_id,site_id,product_id,season,quantity_requested,request_date
5001,112,3,25B,22000,2026-01-28
5002,207,1,25B,48200,2026-01-25
5003,112,1,25B,15400,2026-01-29
6000,101,4,25A,6098,2025-10-12
6001,101,4,25A,6626,2025-10-21
6002,101,3,25A,3980,2025-10-22
6003,101,2,25B,5905,2026-02-19
6004,101,4,25B,2234,2026-02-13
6005,101,2,25B,8727,2026-02-24
6006,101,4,25B,4595,2026-02-15
6007,102,2,25A,7049,2025-10-22
6008,102,2,25A,14593,2025-10-21
6009,102,3,25A,4454,2025-10-01
6010,102,3,25B,1265,2026-02-20
6011,102,3,25B,3518,2026-02-12
6012,102,3,25B,7787,2026-02-08
6013,102,4,25B,4037,2026-02-11
6014,102,1,25B,6452,2026-02-13
6015,102,3,25B,1996,2026-02-10
6016,102,4,25B,3447,2026-02-26
6017,102,4,25B,2793,2026-02-19
6018,103,4,25A,2299,2025-10-22
6019,103,3,25A,6643,2025-10-09
6020,103,4,25A,10886,2025-10-13
6021,103,2,25A,7265,2025-10-05
6022,103,1,25B,8651,2026-02-13
6023,103,3,25B,8477,2026-02-15
6024,103,5,25B,12922,2026-02-22
6025,103,5,25B,6194,2026-02-18
6026,103,4,25B,5762,2026-02-24
6027,103,1,25B,4464,2026-02-22
6028,104,5,25A,8462,2025-10-14
6029,104,1,25A,6888,2025-10-06
6030,104,2,25A,6157,2025-10-24
6031,104,5,25A,2624,2025-10-02
6032,104,4,25A,7946,2025-10-08
6033,104,3,25A,8550,2025-10-06
6034,104,1,25A,8391,2025-10-19
6035,104,1,25A,7538,2025-10-04
6036,104,3,25B,6168,2026-02-14
6037,104,1,25B,5925,2026-02-19
6038,104,1,25B,8437,2026-02-12
6039,104,2,25B,7293,2026-02-09
6040,104,2,25B,4065,2026-02-25
6041,104,3,25B,2681,2026-02-26
6042,104,3,25B,5593,2026-02-05
6043,104,3,25B,1990,2026-02-16
6044,105,1,25A,7580,2025-10-02
6045,105,4,25A,6782,2025-10-23
6046,105,1,25A,5997,2025-10-15
6047,105,1,25A,14717,2025-10-11
6048,105,5,25B,3293,2026-02-21
6049,105,4,25B,3313,2026-02-14
6050,105,3,25B,1113,2026-02-04
6051,105,3,25B,6790,2026-02-09
6052,106,5,25A,4639,2025-10-12
6053,106,3,25A,5074,2025-10-02
6054,106,3,25A,7830,2025-10-25
6055,106,3,25A,8461,2025-10-25
6056,106,5,25A,7278,2025-10-03
6057,106,1,25A,2038,2025-10-01
6058,106,5,25A,7313,2025-10-07
6059,106,1,25B,4700,2026-02-18
6060,106,4,25B,7463,2026-02-20
6061,106,2,25B,1324,2026-02-25
6062,106,2,25B,3630,2026-02-21
6063,106,2,25B,4159,2026-02-04
6064,106,4,25B,5173,2026-02-01
6065,106,5,25B,701,2026-02-08
6066,107,4,25A,2984,2025-10-02
6067,107,4,25A,1359,2025-10-23
6068,107,5,25A,2264,2025-10-08
6069,107,5,25A,7332,2025-10-08
6070,107,1,25A,7085,2025-10-22
6071,107,4,25A,4838,2025-10-15
6072,107,1,25A,2221,2025-10-03
6073,107,4,25B,636,2026-02-02
6074,107,4,25B,3761,2026-02-26
6075,107,4,25B,2685,2026-02-25
6076,108,1,25A,1846,2025-10-18
6077,108,5,25A,2935,2025-10-16
6078,108,1,25A,4033,2025-10-25
6079,108,3,25A,4582,2025-10-03
6080,108,3,25A,6080,2025-10-07
6081,108,3,25A,3629,2025-10-22
6082,108,3,25B,2857,2026-02-21
6083,108,5,25B,21314,2026-02-03
6084,108,1,25B,16204,2026-02-22
6085,108,5,25B,6215,2026-02-04
6086,108,5,25B,7073,2026-02-18
6087,108,2,25B,4520,2026-02-05
6088,108,5,25B,7333,2026-02-26
6089,109,1,25A,4243,2025-10-24
6090,109,4,25A,2555,2025-10-06
6091,109,2,25A,2646,2025-10-23
6092,109,4,25A,1088,2025-10-20
6093,109,3,25A,7056,2025-10-10
6094,109,2,25B,5496,2026-02-13
6095,109,1,25B,3888,2026-02-05
6096,109,1,25B,4130,2026-02-08
6097,109,1,25B,6593,2026-02-26
6098,109,3,25B,2991,2026-02-26
6099,110,4,25A,5246,2025-10-11
6100,110,5,25A,6899,2025-10-01
6101,110,5,25A,8878,2025-10-09
6102,110,2,25A,5265,2025-10-07
6103,110,5,25A,1009,2025-10-25
6104,110,4,25A,6811,2025-10-10
6105,110,3,25A,637,2025-10-07
6106,110,4,25A,6241,2025-10-11
6107,110,3,25B,4371,2026-02-11
6108,110,5,25B,4378,2026-02-19
6109,110,5,25B,1602,2026-02-15
6110,110,4,25B,2443,2026-02-13
6111,110,2,25B,3135,2026-02-12
6112,110,2,25B,4826,2026-02-15
6113,110,5,25B,3170,2026-02-14
6114,111,2,25A,3308,2025-10-10
6115,111,3,25A,7184,2025-10-23
6116,111,4,25A,8181,2025-10-13
6117,111,2,25A,8624,2025-10-25
6118,111,2,25A,945,2025-10-15
6119,111,1,25A,1028,2025-10-17
6120,111,2,25B,4720,2026-02-11
6121,111,1,25B,1533,2026-02-14
6122,111,2,25B,5049,2026-02-07
6123,111,2,25B,6849,2026-02-09
6124,111,1,25B,5670,2026-02-02
6125,111,5,25B,1889,2026-02-03
6126,111,2,25B,4749,2026-02-01
6127,111,4,25B,3045,2026-02-07
6128,112,4,25A,7430,2025-10-15
6129,112,4,25A,16886,2025-10-01
6130,112,2,25A,7700,2025-10-19
6131,112,2,25A,7121,2025-10-04
6132,112,1,25A,8362,2025-10-01
6133,113,3,25A,1989,2025-10-17
6134,113,1,25A,22166,2025-10-02
6135,113,4,25A,5730,2025-10-14
6136,113,2,25A,6970,2025-10-04
6137,113,3,25A,4026,2025-10-21
6138,113,5,25B,2829,2026-02-05
6139,113,5,25B,7991,2026-02-20
6140,113,2,25B,5085,2026-02-21
6141,113,1,25B,4824,2026-02-03
6142,113,4,25B,7361,2026-02-19
6143,114,2,25A,4036,2025-10-15
6144,114,2,25A,3910,2025-10-09
6145,114,4,25A,2646,2025-10-13
6146,114,5,25A,2160,2025-10-02
6147,114,1,25A,8658,2025-10-18
6148,114,4,25B,3133,2026-02-23
6149,114,5,25B,4045,2026-02-04
6150,114,3,25B,3981,2026-02-15
6151,114,2,25B,5001,2026-02-20
6152,115,1,25A,2337,2025-10-11
6153,115,1,25A,7710,2025-10-17
6154,115,1,25A,7751,2025-10-20
6155,115,2,25A,1954,2025-10-02
6156,115,3,25A,5049,2025-10-22
6157,115,3,25B,7608,2026-02-25
6158,115,3,25B,3793,2026-02-04
6159,115,2,25B,5040,2026-02-14
6160,116,5,25A,1884,2025-10-18
6161,116,4,25A,5830,2025-10-17
6162,116,2,25A,16493,2025-10-26
6163,116,2,25A,4246,2025-10-04
6164,116,2,25A,6644,2025-10-12
6165,116,3,25A,5268,2025-10-05
6166,116,5,25A,6869,2025-10-20
6167,116,3,25A,6601,2025-10-10
6168,116,4,25B,8219,2026-02-05
6169,116,2,25B,1656,2026-02-09
6170,116,5,25B,3342,2026-02-05
6171,116,1,25B,1686,2026-02-20
6172,116,4,25B,2301,2026-02-15
6173,117,4,25A,1138,2025-10-09
6174,117,2,25A,6486,2025-10-23
6175,117,3,25A,7795,2025-10-15
6176,117,4,25A,8617,2025-10-25
6177,117,1,25B,4637,2026-02-19
6178,117,3,25B,5522,2026-02-08
6179,117,2,25B,663,2026-02-12
6180,117,4,25B,1571,2026-02-12
6181,117,3,25B,5805,2026-02-08
6182,117,2,25B,2873,2026-02-06
6183,117,1,25B,4157,2026-02-07
6184,117,5,25B,866,2026-02-14
6185,118,1,25A,12855,2025-10-18
6186,118,2,25A,8466,2025-10-11
6187,118,4,25A,2846,2025-10-04
6188,118,1,25A,10412,2025-10-03
6189,118,4,25A,7514,2025-10-01
6190,118,3,25A,7481,2025-10-12
6191,118,2,25A,4835,2025-10-19
6192,118,4,25B,8679,2026-02-04
6193,118,1,25B,6472,2026-02-26
6194,118,4,25B,8604,2026-02-26
6195,118,1,25B,2716,2026-02-20
6196,118,3,25B,5056,2026-02-02
6197,118,3,25B,1472,2026-02-22
6198,119,3,25A,5338,2025-10-22
6199,119,4,25A,6028,2025-10-22
6200,119,3,25A,1099,2025-10-13
6201,119,5,25A,1432,2025-10-03
6202,119,1,25A,3291,2025-10-07
6203,119,2,25B,7329,2026-02-24
6204,119,1,25B,4021,2026-02-04
6205,119,3,25B,971,2026-02-02
6206,119,5,25B,2030,2026-02-09
6207,119,5,25B,3939,2026-02-13
6208,120,5,25A,860,2025-10-16
6209,120,3,25A,7337,2025-10-25
6210,120,2,25A,3046,2025-10-18
6211,120,2,25A,3167,2025-10-05
6212,120,2,25A,5072,2025-10-07
6213,120,5,25A,6115,2025-10-25
6214,120,5,25A,18898,2025-10-09
6215,120,1,25B,5369,2026-02-21
6216,120,5,25B,6245,2026-02-05
6217,120,3,25B,7251,2026-02-23
6218,120,3,25B,3873,2026-02-22
6219,120,3,25B,8453,2026-02-10
6220,121,4,25A,3151,2025-10-02
6221,121,3,25A,1972,2025-10-03
6222,121,5,25A,4986,2025-10-12
6223,121,5,25B,2269,2026-02-11
6224,121,5,25B,8027,2026-02-17
6225,121,3,25B,15687,2026-02-19
6226,121,2,25B,6998,2026-02-22
6227,121,1,25B,1181,2026-02-24
6228,121,2,25B,3025,2026-02-09
6229,122,1,25A,6545,2025-10-04
6230,122,5,25A,7284,2025-10-11
6231,122,4,25A,4656,2025-10-23
6232,122,4,25A,1250,2025-10-19
6233,122,1,25B,7826,2026-02-06
6234,122,2,25B,8304,2026-02-10
6235,122,2,25B,8264,2026-02-18
6236,122,4,25B,7858,2026-02-04
6237,123,5,25A,7734,2025-10-10
6238,123,3,25A,2063,2025-10-18
6239,123,2,25A,7009,2025-10-05
6240,123,3,25A,2926,2025-10-26
6241,123,3,25A,2620,2025-10-06
6242,123,1,25A,12730,2025-10-21
6243,123,4,25B,2221,2026-02-23
6244,123,2,25B,6521,2026-02-10
6245,123,5,25B,5072,2026-02-06
6246,123,1,25B,2486,2026-02-24
6247,123,1,25B,3919,2026-02-08
6248,124,4,25A,3604,2025-10-21
6249,124,4,25A,5222,2025-10-04
6250,124,1,25A,7446,2025-10-12
6251,124,2,25A,4526,2025-10-19
6252,124,2,25A,1699,2025-10-19
6253,124,1,25A,8412,2025-10-17
6254,124,3,25A,8074,2025-10-14
6255,124,3,25A,4608,2025-10-13
6256,124,1,25B,6588,2026-02-06
6257,124,5,25B,1946,2026-02-09
6258,124,2,25B,8954,2026-02-15
6259,124,1,25B,7030,2026-02-11
6260,124,4,25B,8824,2026-02-07
6261,124,1,25B,8666,2026-02-08
6262,124,2,25B,7115,2026-02-21
6263,124,2,25B,5404,2026-02-15
6264,125,4,25A,1347,2025-10-09
6265,125,3,25A,4044,2025-10-20
6266,125,3,25A,6081,2025-10-11
6267,125,3,25B,4533,2026-02-05
6268,125,2,25B,8223,2026-02-17
6269,125,1,25B,8527,2026-02-25
6270,125,1,25B,1960,2026-02-12
6271,126,5,25A,8484,2025-10-23
6272,126,4,25A,1677,2025-10-05
6273,126,1,25A,5030,2025-10-02
6274,126,5,25A,2602,2025-10-18
6275,126,5,25B,7304,2026-02-07
6276,126,4,25B,4411,2026-02-25
6277,126,5,25B,6138,2026-02-13
6278,126,1,25B,4939,2026-02-21
6279,126,5,25B,2342,2026-02-09
6280,126,4,25B,8310,2026-02-19
6281,126,3,25B,6903,2026-02-01
6282,126,5,25B,5008,2026-02-23
6283,127,4,25A,2663,2025-10-11
6284,127,2,25A,6849,2025-10-03
6285,127,1,25A,8059,2025-10-02
6286,127,5,25A,6295,2025-10-24
6287,127,1,25A,3795,2025-10-02
6288,127,1,25A,1314,2025-10-21
6289,127,5,25A,4082,2025-10-12
6290,127,3,25A,4144,2025-10-04
6291,127,5,25B,1253,2026-02-06
6292,127,1,25B,3078,2026-02-07
6293,127,1,25B,5837,2026-02-09
6294,127,4,25B,4353,2026-02-12
6295,127,4,25B,2591,2026-02-13
6296,127,1,25B,5805,2026-02-25
6297,127,1,25B,1203,2026-02-18
6298,127,5,25B,8682,2026-02-16
6299,128,3,25A,3678,2025-10-21
6300,128,1,25A,8721,2025-10-05
6301,128,2,25A,1885,2025-10-06
6302,128,5,25A,2481,2025-10-10
6303,128,5,25A,1518,2025-10-14
6304,128,5,25A,6212,2025-10-22
6305,128,3,25B,7306,2026-02-01
6306,128,3,25B,5948,2026-02-18
6307,128,3,25B,2185,2026-02-26
6308,128,1,25B,777,2026-02-03
6309,128,1,25B,1061,2026-02-21
6310,129,3,25A,15696,2025-10-12
6311,129,2,25A,5215,2025-10-24
6312,129,5,25A,8606,2025-10-15
6313,129,4,25A,986,2025-10-13
6314,129,4,25B,5905,2026-02-21
6315,129,4,25B,13891,2026-02-23
6316,129,1,25B,7525,2026-02-12
6317,129,3,25B,701,2026-02-19
6318,130,1,25A,1160,2025-10-23
6319,130,4,25A,18563,2025-10-19
6320,130,3,25A,3222,2025-10-04
6321,130,4,25A,4496,2025-10-14
6322,130,1,25A,7754,2025-10-16
6323,130,4,25A,8893,2025-10-12
6324,130,3,25A,4592,2025-10-04
6325,130,5,25B,896,2026-02-12
6326,130,4,25B,2975,2026-02-04
6327,130,4,25B,2363,2026-02-12
6328,130,3,25B,3171,2026-02-10
6329,131,2,25A,3910,2025-10-01
6330,131,4,25A,4927,2025-10-23
6331,131,2,25A,787,2025-10-07
6332,131,5,25B,23668,2026-02-10
6333,131,1,25B,14674,2026-02-12
6334,131,5,25B,3045,2026-02-13
6335,131,1,25B,985,2026-02-03
6336,132,5,25A,4838,2025-10-05
6337,132,2,25A,5058,2025-10-06
6338,132,3,25A,2281,2025-10-13
6339,132,3,25A,3530,2025-10-12
6340,132,2,25A,2396,2025-10-12
6341,132,5,25A,2603,2025-10-09
6342,132,1,25A,6567,2025-10-18
6343,132,5,25A,5079,2025-10-12
6344,132,1,25B,8536,2026-02-03
6345,132,2,25B,8264,2026-02-10
6346,132,2,25B,2497,2026-02-06
6347,132,5,25B,8439,2026-02-09
6348,133,1,25A,7041,2025-10-20
6349,133,4,25A,904,2025-10-03
6350,133,1,25A,4963,2025-10-23
6351,133,2,25A,4485,2025-10-07
6352,133,3,25A,8300,2025-10-12
6353,133,3,25A,1017,2025-10-04
6354,133,3,25A,6223,2025-10-26
6355,133,3,25B,2027,2026-02-08
6356,133,2,25B,5336,2026-02-07
6357,133,3,25B,4902,2026-02-02
6358,133,2,25B,2162,2026-02-04
6359,133,4,25B,1474,2026-02-20
6360,133,5,25B,1337,2026-02-16
6361,133,4,25B,4400,2026-02-09
6362,133,4,25B,7328,2026-02-17
6363,134,5,25A,6887,2025-10-13
6364,134,3,25A,12781,2025-10-10
6365,134,2,25A,3180,2025-10-17
6366,134,2,25A,3034,2025-10-16
6367,134,3,25A,6572,2025-10-12
6368,134,1,25B,1663,2026-02-01
6369,134,5,25B,5744,2026-02-16
6370,134,4,25B,2416,2026-02-20
6371,134,4,25B,6511,2026-02-18
6372,134,2,25B,3055,2026-02-05
6373,134,4,25B,931,2026-02-17
6374,134,2,25B,6954,2026-02-07
6375,134,3,25B,4221,2026-02-17
6376,135,1,25A,7002,2025-10-10
6377,135,1,25A,13003,2025-10-01
6378,135,2,25A,1627,2025-10-06
6379,135,2,25B,1764,2026-02-03
6380,135,4,25B,1180,2026-02-19
6381,135,1,25B,1157,2026-02-19
6382,135,3,25B,7770,2026-02-13
6383,135,1,25B,4805,2026-02-11
6384,136,5,25A,1542,2025-10-18
6385,136,2,25A,2824,2025-10-13
6386,136,2,25A,7372,2025-10-23
6387,136,3,25B,8000,2026-02-02
6388,136,4,25B,1495,2026-02-02
6389,136,5,25B,2763,2026-02-14
6390,137,4,25A,4529,2025-10-24
6391,137,2,25A,5087,2025-10-25
6392,137,5,25A,3527,2025-10-03
6393,137,3,25A,1425,2025-10-06
6394,137,1,25A,1066,2025-10-18
6395,137,4,25A,4534,2025-10-09
6396,137,5,25A,6240,2025-10-20
6397,137,5,25B,15221,2026-02-11
6398,137,3,25B,2189,2026-02-17
6399,137,4,25B,1478,2026-02-08
6400,138,1,25A,2462,2025-10-24
6401,138,4,25A,4348,2025-10-01
6402,138,4,25A,1801,2025-10-05
6403,138,5,25A,1488,2025-10-01
6404,138,3,25A,1530,2025-10-24
6405,138,5,25A,8022,2025-10-26
6406,138,1,25A,884,2025-10-21
6407,138,3,25A,8498,2025-10-02
6408,138,1,25B,2734,2026-02-03
6409,138,5,25B,8956,2026-02-06
6410,138,3,25B,4247,2026-02-04
6411,138,5,25B,5778,2026-02-17
6412,138,1,25B,10575,2026-02-21
6413,138,5,25B,2698,2026-02-24
6414,138,5,25B,3069,2026-02-07
6415,138,3,25B,13802,2026-02-07
6416,139,1,25A,6872,2025-10-18
6417,139,3,25A,6101,2025-10-10
6418,139,2,25A,5179,2025-10-07
6419,139,2,25A,818,2025-10-10
6420,139,2,25A,1994,2025-10-03
6421,139,1,25B,7473,2026-02-08
6422,139,1,25B,4264,2026-02-11
6423,139,3,25B,4481,2026-02-16
6424,139,4,25B,5035,2026-02-13
6425,139,2,25B,5287,2026-02-22
6426,139,5,25B,8165,2026-02-15
6427,139,3,25B,8944,2026-02-03
6428,139,5,25B,2629,2026-02-13
6429,140,5,25A,5428,2025-10-07
6430,140,1,25A,6182,2025-10-02
6431,140,1,25A,4404,2025-10-06
6432,140,2,25A,7661,2025-10-24
6433,140,2,25A,20510,2025-10-15
6434,140,3,25A,4781,2025-10-13
6435,140,3,25A,1153,2025-10-09
6436,140,4,25B,6809,2026-02-20
6437,140,2,25B,3802,2026-02-07
6438,140,3,25B,870,2026-02-25
6439,140,4,25B,7423,2026-02-01
6440,140,3,25B,5999,2026-02-02
6441,140,5,25B,2501,2026-02-14
6442,140,5,25B,7382,2026-02-18
6443,140,2,25B,1747,2026-02-14
6444,141,2,25A,5238,2025-10-08
6445,141,1,25A,8914,2025-10-03
6446,141,1,25A,2086,2025-10-06
6447,141,3,25B,7634,2026-02-15
6448,141,3,25B,6262,2026-02-12
6449,141,1,25B,1208,2026-02-14
6450,141,1,25B,3116,2026-02-21
6451,141,1,25B,5259,2026-02-14
6452,142,2,25A,3551,2025-10-20
6453,142,3,25A,3837,2025-10-19
6454,142,1,25A,5469,2025-10-23
6455,142,4,25B,1114,2026-02-16
6456,142,4,25B,2143,2026-02-01
6457,142,3,25B,837,2026-02-14
6458,142,4,25B,3017,2026-02-16
6459,142,1,25B,4507,2026-02-22
6460,143,3,25A,2298,2025-10-22
6461,143,4,25A,5734,2025-10-02
6462,143,3,25A,3713,2025-10-16
6463,143,1,25A,2928,2025-10-12
6464,143,2,25A,8640,2025-10-12
6465,143,3,25A,4997,2025-10-03
6466,143,2,25B,904,2026-02-24
6467,143,5,25B,2421,2026-02-04
6468,143,2,25B,5217,2026-02-13
6469,144,1,25A,6539,2025-10-04
6470,144,4,25A,1342,2025-10-11
6471,144,3,25A,8422,2025-10-12
6472,144,3,25A,1083,2025-10-11
6473,144,1,25A,6257,2025-10-09
6474,144,4,25B,22129,2026-02-23
6475,144,2,25B,6345,2026-02-13
6476,144,5,25B,5330,2026-02-25
6477,144,5,25B,9211,2026-02-26
6478,145,4,25A,4113,2025-10-15
6479,145,1,25A,7124,2025-10-13
6480,145,3,25A,699,2025-10-18
6481,145,4,25A,5574,2025-10-25
6482,145,1,25B,2744,2026-02-13
6483,145,1,25B,2231,2026-02-18
6484,145,4,25B,6847,2026-02-03
6485,145,1,25B,8425,2026-02-05
6486,145,4,25B,7882,2026-02-15
6487,145,4,25B,5801,2026-02-22
6488,145,2,25B,6119,2026-02-16
6489,145,1,25B,4703,2026-02-20
6490,146,3,25A,3339,2025-10-11
6491,146,1,25A,3238,2025-10-11
6492,146,3,25A,15960,2025-10-07
6493,146,2,25A,8256,2025-10-01
6494,146,3,25B,4358,2026-02-06
6495,146,4,25B,2688,2026-02-13
6496,146,5,25B,4762,2026-02-06
6497,146,5,25B,4311,2026-02-05
6498,146,4,25B,2128,2026-02-02
6499,146,3,25B,6677,2026-02-01
6500,147,2,25A,2605,2025-10-06
6501,147,4,25A,8411,2025-10-06
6502,147,3,25A,2095,2025-10-23
6503,147,3,25A,5798,2025-10-07
6504,147,5,25A,3040,2025-10-17
6505,147,2,25A,2963,2025-10-08
6506,147,4,25A,1872,2025-10-05
6507,147,5,25B,3382,2026-02-02
6508,147,4,25B,6386,2026-02-04
6509,147,2,25B,6659,2026-02-15
6510,147,1,25B,3148,2026-02-13
6511,148,4,25A,1166,2025-10-19
6512,148,1,25A,7380,2025-10-04
6513,148,2,25A,4512,2025-10-09
6514,148,1,25B,6401,2026-02-02
6515,148,4,25B,6244,2026-02-15
6516,148,4,25B,9034,2026-02-14
6517,148,5,25B,820,2026-02-02
6518,148,4,25B,9992,2026-02-07
6519,148,2,25B,5262,2026-02-15
6520,148,5,25B,8300,2026-02-14
6521,148,5,25B,1400,2026-02-05
6522,149,4,25A,11281,2025-10-22
6523,149,1,25A,6983,2025-10-05
6524,149,2,25A,6043,2025-10-05
6525,149,3,25A,1979,2025-10-12
6526,149,4,25A,8145,2025-10-19
6527,149,2,25A,3502,2025-10-16
6528,149,3,25A,2875,2025-10-18
6529,149,2,25A,10392,2025-10-03
6530,149,1,25B,2515,2026-02-26
6531,149,2,25B,5596,2026-02-18
6532,149,3,25B,5080,2026-02-25
6533,149,1,25B,1391,2026-02-22
6534,149,1,25B,4240,2026-02-17
6535,149,1,25B,8716,2026-02-25
6536,149,3,25B,3281,2026-02-23
6537,150,1,25A,15554,2025-10-04
6538,150,3,25A,9975,2025-10-20
6539,150,1,25A,8769,2025-10-12
6540,150,5,25A,1376,2025-10-23
6541,150,1,25B,2638,2026-02-05
6542,150,5,25B,4974,2026-02-20
6543,150,3,25B,6243,2026-02-04
6544,150,3,25B,6808,2026-02-09
6545,151,3,25A,6294,2025-10-23
6546,151,1,25A,3243,2025-10-16
6547,151,1,25A,21777,2025-10-23
6548,151,1,25A,6131,2025-10-24
6549,151,5,25A,6187,2025-10-15
6550,151,1,25B,2855,2026-02-11
6551,151,5,25B,20682,2026-02-03
6552,151,4,25B,4298,2026-02-14
6553,151,5,25B,7953,2026-02-14
6554,151,4,25B,4574,2026-02-08
6555,151,4,25B,2979,2026-02-23
6556,151,4,25B,6291,2026-02-03
6557,152,5,25A,8870,2025-10-20
6558,152,3,25A,659,2025-10-09
6559,152,1,25A,7983,2025-10-01
6560,152,1,25A,6411,2025-10-17
6561,152,2,25A,8475,2025-10-01
6562,152,2,25A,656,2025-10-20
6563,152,3,25A,3207,2025-10-22
6564,152,2,25A,5242,2025-10-21
6565,152,3,25B,3456,2026-02-19
6566,152,3,25B,3166,2026-02-20
6567,152,3,25B,3701,2026-02-04
6568,152,4,25B,8163,2026-02-11
6569,153,4,25A,4771,2025-10-16
6570,153,1,25A,8898,2025-10-12
6571,153,1,25A,5164,2025-10-14
6572,153,3,25B,8927,2026-02-12
6573,153,1,25B,8822,2026-02-01
6574,153,1,25B,6584,2026-02-16
6575,153,2,25B,4353,2026-02-06
6576,153,3,25B,2652,2026-02-23
6577,153,3,25B,932,2026-02-21
6578,153,5,25B,5675,2026-02-14
6579,154,1,25A,4656,2025-10-06
6580,154,5,25A,4344,2025-10-16
6581,154,1,25A,1219,2025-10-17
6582,154,5,25A,7325,2025-10-03
6583,154,2,25B,2530,2026-02-21
6584,154,1,25B,3212,2026-02-25
6585,154,2,25B,18652,2026-02-14
6586,155,4,25A,3959,2025-10-09
6587,155,5,25A,3562,2025-10-05
6588,155,5,25A,1841,2025-10-22
6589,155,3,25A,1801,2025-10-05
6590,155,5,25A,3159,2025-10-02
6591,155,4,25B,853,2026-02-18
6592,155,2,25B,3870,2026-02-12
6593,155,3,25B,2306,2026-02-23
6594,155,3,25B,1081,2026-02-24
6595,156,3,25A,3453,2025-10-06
6596,156,2,25A,6809,2025-10-08
6597,156,4,25A,10883,2025-10-02
6598,156,1,25A,2149,2025-10-16
6599,156,1,25B,2593,2026-02-16
6600,156,3,25B,11050,2026-02-02
6601,156,5,25B,12156,2026-02-04
6602,156,2,25B,6616,2026-02-23
6603,156,5,25B,3803,2026-02-19
6604,156,5,25B,6281,2026-02-23
6605,156,5,25B,5333,2026-02-19
6606,157,5,25A,2005,2025-10-06
6607,157,4,25A,2374,2025-10-01
6608,157,2,25A,2701,2025-10-20
6609,157,4,25A,4386,2025-10-17
6610,157,1,25A,8393,2025-10-04
6611,157,5,25A,1090,2025-10-22
6612,157,4,25A,8494,2025-10-11
6613,157,3,25A,19607,2025-10-20
6614,157,3,25B,2499,2026-02-18
6615,157,4,25B,6464,2026-02-18
6616,157,1,25B,6085,2026-02-13
6617,157,2,25B,2335,2026-02-14
6618,157,4,25B,5888,2026-02-07
6619,157,2,25B,1117,2026-02-09
6620,157,5,25B,7663,2026-02-11
6621,157,2,25B,5177,2026-02-04
6622,158,4,25A,7188,2025-10-11
6623,158,2,25A,6989,2025-10-21
6624,158,4,25A,953,2025-10-25
6625,158,4,25A,5043,2025-10-12
6626,158,2,25A,3785,2025-10-21
6627,158,5,25B,6277,2026-02-06
6628,158,1,25B,5808,2026-02-04
6629,158,3,25B,8991,2026-02-06
6630,158,3,25B,8282,2026-02-23
6631,158,1,25B,7734,2026-02-11
6632,158,4,25B,4994,2026-02-25
6633,158,3,25B,2215,2026-02-20
6634,159,4,25A,1413,2025-10-22
6635,159,3,25A,7433,2025-10-23
6636,159,2,25A,3851,2025-10-18
6637,159,2,25A,1147,2025-10-06
6638,159,3,25A,6077,2025-10-14
6639,159,3,25A,4367,2025-10-09
6640,159,5,25B,2203,2026-02-22
6641,159,5,25B,7956,2026-02-03
6642,159,1,25B,1179,2026-02-06
6643,159,2,25B,3250,2026-02-04
6644,159,3,25B,4782,2026-02-05
6645,160,3,25A,13590,2025-10-17
6646,160,5,25A,6075,2025-10-16
6647,160,2,25A,1203,2025-10-04
6648,160,3,25A,6647,2025-10-03
6649,160,2,25A,6633,2025-10-09
6650,160,4,25A,3131,2025-10-14
6651,160,3,25A,3004,2025-10-07
6652,160,5,25A,6047,2025-10-07
6653,160,3,25B,3244,2026-02-20
6654,160,4,25B,4632,2026-02-11
6655,160,5,25B,1641,2026-02-18
6656,161,3,25A,4938,2025-10-20
6657,161,5,25A,3471,2025-10-07
6658,161,4,25A,4723,2025-10-12
6659,161,5,25A,4165,2025-10-21
6660,161,4,25A,1740,2025-10-21
6661,161,4,25A,3986,2025-10-17
6662,161,1,25A,4257,2025-10-15
6663,161,3,25A,1496,2025-10-09
6664,161,4,25B,2096,2026-02-20
6665,161,2,25B,3314,2026-02-04
6666,161,3,25B,6133,2026-02-13
6667,161,1,25B,6714,2026-02-13
6668,161,4,25B,4802,2026-02-09
6669,161,3,25B,4661,2026-02-15
6670,161,1,25B,943,2026-02-14
6671,161,4,25B,1020,2026-02-12
6672,162,4,25A,6557,2025-10-17
6673,162,3,25A,4585,2025-10-02
6674,162,5,25A,2699,2025-10-09
6675,162,3,25A,20016,2025-10-12
6676,162,2,25A,3259,2025-10-11
6677,162,2,25A,5969,2025-10-12
6678,162,1,25B,5266,2026-02-15
6679,162,4,25B,1670,2026-02-10
6680,162,5,25B,16201,2026-02-13
6681,162,1,25B,8175,2026-02-08
6682,162,1,25B,6331,2026-02-06
6683,162,1,25B,9437,2026-02-14
6684,162,1,25B,4374,2026-02-15
6685,163,5,25A,2748,2025-10-18
6686,163,1,25A,5356,2025-10-23
6687,163,4,25A,875,2025-10-11
6688,163,5,25A,7892,2025-10-17
6689,163,3,25B,5039,2026-02-19
6690,163,5,25B,2905,2026-02-09
6691,163,1,25B,7678,2026-02-01
6692,163,5,25B,4252,2026-02-08
6693,163,4,25B,5264,2026-02-21
6694,164,1,25A,12459,2025-10-11
6695,164,5,25A,8807,2025-10-10
6696,164,1,25A,8978,2025-10-06
6697,164,4,25A,7002,2025-10-16
6698,164,3,25A,3111,2025-10-18
6699,164,4,25A,2304,2025-10-04
6700,164,2,25A,7987,2025-10-21
6701,164,5,25A,7434,2025-10-21
6702,164,4,25B,1094,2026-02-24
6703,164,2,25B,8331,2026-02-17
6704,164,4,25B,15738,2026-02-01
6705,164,3,25B,6333,2026-02-15
6706,164,4,25B,6714,2026-02-14
6707,165,3,25A,8096,2025-10-23
6708,165,4,25A,2639,2025-10-25
6709,165,2,25A,4592,2025-10-12
6710,165,3,25A,4901,2025-10-25
6711,165,5,25B,2501,2026-02-01
6712,165,2,25B,4894,2026-02-24
6713,165,1,25B,1625,2026-02-20
6714,165,4,25B,4311,2026-02-20
6715,165,4,25B,5615,2026-02-08
6716,165,3,25B,6952,2026-02-05
6717,165,1,25B,8509,2026-02-21
6718,166,4,25A,2114,2025-10-07
6719,166,3,25A,1760,2025-10-08
6720,166,1,25A,3724,2025-10-01
6721,166,2,25B,4440,2026-02-02
6722,166,5,25B,6349,2026-02-10
6723,166,3,25B,5679,2026-02-17
6724,166,3,25B,3190,2026-02-02
6725,166,3,25B,6196,2026-02-05
6726,167,1,25A,8207,2025-10-01
6727,167,2,25A,5105,2025-10-17
6728,167,5,25A,7239,2025-10-11
6729,167,2,25B,7029,2026-02-14
6730,167,5,25B,736,2026-02-10
6731,167,3,25B,6254,2026-02-12
6732,167,3,25B,7825,2026-02-05
6733,167,2,25B,8786,2026-02-04
6734,167,2,25B,8834,2026-02-07
6735,167,3,25B,855,2026-02-15
6736,168,4,25A,3263,2025-10-23
6737,168,3,25A,7871,2025-10-03
6738,168,3,25A,1812,2025-10-10
6739,168,5,25A,2441,2025-10-02
6740,168,1,25A,7837,2025-10-21
6741,168,1,25A,680,2025-10-08
6742,168,1,25A,5922,2025-10-15
6743,168,3,25B,7728,2026-02-08
6744,168,4,25B,6294,2026-02-25
6745,168,1,25B,4848,2026-02-02
6746,168,5,25B,6730,2026-02-11
6747,169,2,25A,705,2025-10-11
6748,169,5,25A,6863,2025-10-09
6749,169,2,25A,4218,2025-10-08
6750,169,3,25A,4599,2025-10-15
6751,169,3,25A,8340,2025-10-24
6752,169,4,25A,2098,2025-10-07
6753,169,3,25A,8664,2025-10-02
6754,169,4,25A,1641,2025-10-01
6755,169,1,25B,2406,2026-02-23
6756,169,4,25B,1645,2026-02-21
6757,169,3,25B,1907,2026-02-22
6758,170,3,25A,5989,2025-10-22
6759,170,5,25A,8938,2025-10-01
6760,170,4,25A,6505,2025-10-03
6761,170,4,25B,8974,2026-02-01
6762,170,1,25B,4561,2026-02-12
6763,170,3,25B,3961,2026-02-07
6764,170,4,25B,3475,2026-02-07
6765,170,3,25B,2005,2026-02-13
6766,170,3,25B,5362,2026-02-23
6767,170,3,25B,4353,2026-02-20
6768,170,4,25B,7355,2026-02-02
6769,171,2,25A,5959,2025-10-07
6770,171,4,25A,3055,2025-10-17
6771,171,2,25A,2493,2025-10-01
6772,171,2,25B,5050,2026-02-06
6773,171,4,25B,23070,2026-02-25
6774,171,3,25B,1956,2026-02-12
6775,171,4,25B,972,2026-02-17
6776,171,1,25B,4531,2026-02-03
6777,171,4,25B,2445,2026-02-16
6778,172,1,25A,6350,2025-10-22
6779,172,2,25A,2124,2025-10-12
6780,172,1,25A,10516,2025-10-13
6781,172,5,25A,4445,2025-10-12
6782,172,4,25A,11409,2025-10-07
6783,172,3,25A,4375,2025-10-08
6784,172,4,25A,8778,2025-10-11
6785,172,5,25A,5704,2025-10-20
6786,172,1,25B,7983,2026-02-17
6787,172,3,25B,1758,2026-02-12
6788,172,1,25B,7366,2026-02-23
6789,172,4,25B,795,2026-02-21
6790,172,5,25B,6162,2026-02-16
6791,172,2,25B,4240,2026-02-14
6792,172,4,25B,2463,2026-02-09
6793,173,4,25A,3586,2025-10-09
6794,173,5,25A,5981,2025-10-26
6795,173,2,25A,2284,2025-10-13
6796,173,3,25A,5913,2025-10-08
6797,173,5,25A,4905,2025-10-04
6798,173,2,25A,8243,2025-10-25
6799,173,5,25A,1456,2025-10-11
6800,173,1,25B,3467,2026-02-18
6801,173,5,25B,5890,2026-02-08
6802,173,5,25B,6684,2026-02-14
6803,174,5,25A,8444,2025-10-14
6804,174,3,25A,5473,2025-10-06
6805,174,2,25A,4232,2025-10-23
6806,174,2,25A,1139,2025-10-13
6807,174,2,25A,5479,2025-10-01
6808,174,4,25A,8316,2025-10-16
6809,174,1,25B,8249,2026-02-17
6810,174,4,25B,5918,2026-02-06
6811,174,3,25B,3585,2026-02-09
6812,174,3,25B,5767,2026-02-14
6813,174,4,25B,4292,2026-02-18
6814,175,3,25A,1248,2025-10-06
6815,175,1,25A,4717,2025-10-16
6816,175,5,25A,3315,2025-10-17
6817,175,3,25A,1524,2025-10-01
6818,175,1,25A,3686,2025-10-24
6819,175,5,25A,2072,2025-10-09
6820,175,5,25B,1936,2026-02-21
6821,175,3,25B,7461,2026-02-02
6822,175,3,25B,2016,2026-02-24
6823,175,5,25B,5838,2026-02-11
6824,176,3,25A,8515,2025-10-14
6825,176,2,25A,8279,2025-10-19
6826,176,1,25A,4074,2025-10-26
6827,176,1,25A,6974,2025-10-12
6828,176,4,25B,5691,2026-02-22
6829,176,3,25B,6842,2026-02-22
6830,176,1,25B,3531,2026-02-05
6831,176,4,25B,2113,2026-02-16
6832,176,1,25B,1494,2026-02-12
6833,176,3,25B,7158,2026-02-24
6834,176,2,25B,3623,2026-02-23
6835,176,1,25B,6591,2026-02-17
6836,177,1,25A,8125,2025-10-16
6837,177,5,25A,4581,2025-10-03
6838,177,2,25A,4423,2025-10-26
6839,177,4,25A,6050,2025-10-14
6840,177,4,25B,7642,2026-02-17
6841,177,1,25B,5668,2026-02-01
6842,177,3,25B,14391,2026-02-04
6843,177,2,25B,5408,2026-02-06
6844,177,1,25B,8783,2026-02-07
6845,177,4,25B,2046,2026-02-08
6846,178,1,25A,6848,2025-10-02
6847,178,2,25A,5448,2025-10-12
6848,178,1,25A,3497,2025-10-15
6849,178,1,25B,637,2026-02-03
6850,178,2,25B,4002,2026-02-16
6851,178,4,25B,5344,2026-02-26
6852,179,4,25A,969,2025-10-14
6853,179,1,25A,3870,2025-10-07
6854,179,4,25A,7533,2025-10-12
6855,179,4,25A,16297,2025-10-20
6856,179,3,25A,8633,2025-10-16
6857,179,5,25A,5449,2025-10-20
6858,179,5,25A,8883,2025-10-25
6859,179,5,25A,3179,2025-10-20
6860,179,4,25B,8905,2026-02-16
6861,179,2,25B,1217,2026-02-16
6862,179,3,25B,3074,2026-02-25
6863,179,2,25B,5960,2026-02-04
6864,179,4,25B,3356,2026-02-21
6865,179,3,25B,1829,2026-02-07
6866,179,2,25B,6837,2026-02-12
6867,179,4,25B,6193,2026-02-07
6868,180,3,25A,15712,2025-10-19
6869,180,3,25A,8271,2025-10-14
6870,180,4,25A,5603,2025-10-17
6871,180,5,25A,1794,2025-10-13
6872,180,1,25A,7557,2025-10-16
6873,180,1,25A,6061,2025-10-08
6874,180,2,25A,2440,2025-10-24
6875,180,1,25B,2264,2026-02-05
6876,180,1,25B,4495,2026-02-17
6877,180,1,25B,943,2026-02-07
6878,180,2,25B,6726,2026-02-05
6879,180,1,25B,7107,2026-02-16
6880,180,1,25B,8663,2026-02-02
6881,181,1,25A,8348,2025-10-25
6882,181,5,25A,805,2025-10-10
6883,181,4,25A,4856,2025-10-22
6884,181,1,25B,7477,2026-02-08
6885,181,4,25B,5114,2026-02-02
6886,181,5,25B,8425,2026-02-05
6887,181,4,25B,6356,2026-02-02
6888,181,1,25B,7287,2026-02-25
6889,181,4,25B,8533,2026-02-24
6890,181,3,25B,5414,2026-02-20
6891,181,1,25B,8024,2026-02-21
6892,182,2,25A,8297,2025-10-18
6893,182,2,25A,13700,2025-10-07
6894,182,1,25A,3463,2025-10-23
6895,182,1,25A,4417,2025-10-03
6896,182,4,25A,2078,2025-10-12
6897,182,2,25A,4207,2025-10-02
6898,182,5,25B,8020,2026-02-22
6899,182,5,25B,3761,2026-02-20
6900,182,4,25B,723,2026-02-16
6901,183,4,25A,6235,2025-10-24
6902,183,2,25A,6161,2025-10-23
6903,183,2,25A,8407,2025-10-17
6904,183,4,25A,6163,2025-10-20
6905,183,4,25A,4810,2025-10-23
6906,183,2,25A,7745,2025-10-13
6907,183,4,25B,4366,2026-02-25
6908,183,2,25B,5737,2026-02-21
6909,183,1,25B,886,2026-02-11
6910,183,3,25B,4394,2026-02-24
6911,183,3,25B,15159,2026-02-12
6912,183,5,25B,2505,2026-02-03
6913,183,2,25B,3218,2026-02-05
6914,184,4,25A,1282,2025-10-02
6915,184,3,25A,7801,2025-10-03
6916,184,2,25A,2014,2025-10-11
6917,184,4,25A,7065,2025-10-16
6918,184,3,25A,6761,2025-10-16
6919,184,2,25A,1934,2025-10-04
6920,184,1,25B,2363,2026-02-25
6921,184,5,25B,5767,2026-02-18
6922,184,3,25B,1985,2026-02-08
6923,184,5,25B,2055,2026-02-23
6924,184,5,25B,7062,2026-02-07
6925,185,4,25A,649,2025-10-08
6926,185,5,25A,6943,2025-10-25
6927,185,3,25A,18851,2025-10-17
6928,185,4,25B,1474,2026-02-14
6929,185,4,25B,15096,2026-02-02
6930,185,5,25B,8968,2026-02-09
6931,185,2,25B,7037,2026-02-24
6932,185,5,25B,2012,2026-02-10
6933,185,4,25B,4856,2026-02-02
6934,185,5,25B,6966,2026-02-10
6935,186,4,25A,4742,2025-10-01
6936,186,2,25A,8427,2025-10-18
6937,186,5,25A,6868,2025-10-05
6938,186,2,25A,915,2025-10-18
6939,186,5,25A,2139,2025-10-13
6940,186,2,25A,7205,2025-10-22
6941,186,5,25A,8141,2025-10-21
6942,186,5,25B,4077,2026-02-18
6943,186,5,25B,6524,2026-02-10
6944,186,4,25B,6303,2026-02-13
6945,186,2,25B,3546,2026-02-14
6946,186,3,25B,3676,2026-02-13
6947,186,2,25B,6235,2026-02-22
6948,187,5,25A,8048,2025-10-14
6949,187,1,25A,6003,2025-10-15
6950,187,5,25A,8669,2025-10-21
6951,187,5,25A,5833,2025-10-22
6952,187,3,25A,5389,2025-10-01
6953,187,4,25A,4537,2025-10-19
6954,187,1,25A,4571,2025-10-05
6955,187,3,25A,8855,2025-10-08
6956,187,2,25B,953,2026-02-13
6957,187,3,25B,3300,2026-02-14
6958,187,1,25B,14650,2026-02-06
6959,187,5,25B,4504,2026-02-15
6960,188,5,25A,5364,2025-10-03
6961,188,2,25A,8013,2025-10-21
6962,188,2,25A,3211,2025-10-15
6963,188,5,25A,1557,2025-10-26
6964,188,2,25A,773,2025-10-07
6965,188,4,25A,7311,2025-10-04
6966,188,1,25A,5062,2025-10-10
6967,188,3,25B,4213,2026-02-21
6968,188,5,25B,721,2026-02-26
6969,188,1,25B,7091,2026-02-10
6970,188,4,25B,5097,2026-02-05
6971,188,5,25B,1946,2026-02-24
6972,189,4,25A,14962,2025-10-11
6973,189,3,25A,6377,2025-10-13
6974,189,5,25A,7453,2025-10-10
6975,189,3,25A,8355,2025-10-13
6976,189,4,25A,3847,2025-10-20
6977,189,1,25A,8922,2025-10-05
6978,189,4,25B,1716,2026-02-04
6979,189,3,25B,8359,2026-02-11
6980,189,5,25B,8950,2026-02-12
6981,189,3,25B,16913,2026-02-21
6982,189,5,25B,5410,2026-02-03
6983,189,3,25B,14324,2026-02-10
6984,189,1,25B,8049,2026-02-23
6985,190,5,25A,3187,2025-10-13
6986,190,2,25A,4160,2025-10-01
6987,190,5,25A,8066,2025-10-02
6988,190,1,25A,8516,2025-10-03
6989,190,3,25A,6342,2025-10-02
6990,190,4,25A,4201,2025-10-02
6991,190,4,25A,5197,2025-10-22
6992,190,3,25A,962,2025-10-10
6993,190,3,25B,1219,2026-02-20
6994,190,1,25B,1712,2026-02-18
6995,190,1,25B,8563,2026-02-14
6996,190,2,25B,2913,2026-02-09
6997,190,5,25B,6406,2026-02-05
6998,190,1,25B,3933,2026-02-21
6999,191,1,25A,3611,2025-10-22
7000,191,2,25A,633,2025-10-04
7001,191,2,25A,8089,2025-10-17
7002,191,4,25A,8840,2025-10-15
7003,191,4,25A,5566,2025-10-10
7004,191,3,25A,5784,2025-10-18
7005,191,4,25A,7164,2025-10-16
7006,191,1,25A,1496,2025-10-11
7007,191,3,25B,4785,2026-02-13
7008,191,1,25B,9496,2026-02-22
7009,191,1,25B,8184,2026-02-07
7010,192,3,25A,4335,2025-10-08
7011,192,5,25A,4678,2025-10-06
7012,192,5,25A,7475,2025-10-12
7013,192,1,25A,7640,2025-10-26
7014,192,1,25A,2003,2025-10-07
7015,192,1,25A,7599,2025-10-13
7016,192,4,25B,7535,2026-02-03
7017,192,2,25B,4383,2026-02-19
7018,192,5,25B,2017,2026-02-01
7019,192,2,25B,3910,2026-02-19
7020,192,4,25B,6448,2026-02-07
7021,192,1,25B,2370,2026-02-26
7022,192,5,25B,8565,2026-02-26
7023,192,4,25B,4250,2026-02-26
7024,193,5,25A,1346,2025-10-12
7025,193,2,25A,7705,2025-10-24
7026,193,2,25A,6534,2025-10-17
7027,193,2,25A,1523,2025-10-10
7028,193,1,25A,2698,2025-10-03
7029,193,2,25B,2827,2026-02-12
7030,193,1,25B,1381,2026-02-23
7031,193,2,25B,4819,2026-02-13
7032,193,4,25B,7166,2026-02-08
7033,193,2,25B,5354,2026-02-10
7034,193,3,25B,5852,2026-02-12
7035,193,3,25B,3221,2026-02-26
7036,193,2,25B,2720,2026-02-08
7037,194,4,25A,2055,2025-10-14
7038,194,3,25A,1747,2025-10-26
7039,194,3,25A,7262,2025-10-01
7040,194,1,25A,620,2025-10-04
7041,194,3,25A,6052,2025-10-11
7042,194,3,25A,8418,2025-10-05
7043,194,2,25A,5814,2025-10-14
7044,194,2,25B,3917,2026-02-25
7045,194,3,25B,8299,2026-02-17
7046,194,2,25B,5430,2026-02-19
7047,194,1,25B,1886,2026-02-14
7048,194,1,25B,2991,2026-02-12
7049,194,1,25B,6679,2026-02-03
7050,194,4,25B,2839,2026-02-11
7051,195,4,25A,3972,2025-10-20
7052,195,5,25A,7238,2025-10-13
7053,195,5,25A,7895,2025-10-01
7054,195,3,25A,772,2025-10-10
7055,195,2,25A,19287,2025-10-12
7056,195,3,25A,1169,2025-10-09
7057,195,2,25A,991,2025-10-24
7058,195,2,25A,6917,2025-10-01
7059,195,2,25B,1146,2026-02-26
7060,195,1,25B,8270,2026-02-14
7061,195,1,25B,7055,2026-02-02
7062,195,1,25B,8381,2026-02-20
7063,195,2,25B,14650,2026-02-02
7064,196,2,25A,14705,2025-10-21
7065,196,3,25A,7953,2025-10-04
7066,196,3,25A,8422,2025-10-18
7067,196,3,25A,865,2025-10-14
7068,196,4,25A,8489,2025-10-20
7069,196,2,25B,2095,2026-02-20
7070,196,2,25B,4915,2026-02-20
7071,196,2,25B,7161,2026-02-07
7072,196,1,25B,3783,2026-02-05
7073,196,1,25B,3158,2026-02-01
7074,196,4,25B,1653,2026-02-05
7075,196,2,25B,8036,2026-02-12
7076,196,1,25B,3712,2026-02-06
7077,197,2,25A,7256,2025-10-13
7078,197,4,25A,799,2025-10-16
7079,197,1,25A,15588,2025-10-24
7080,197,2,25A,4817,2025-10-14
7081,197,2,25A,2703,2025-10-12
7082,197,5,25A,6639,2025-10-19
7083,197,3,25A,2659,2025-10-09
7084,197,5,25B,14096,2026-02-12
7085,197,4,25B,5161,2026-02-06
7086,197,5,25B,15057,2026-02-06
7087,197,4,25B,3480,2026-02-13
7088,197,3,25B,8825,2026-02-09
7089,198,4,25A,4208,2025-10-05
7090,198,5,25A,3818,2025-10-22
7091,198,5,25A,779,2025-10-10
7092,198,1,25A,2703,2025-10-08
7093,198,3,25A,2371,2025-10-21
7094,198,5,25A,3906,2025-10-09
7095,198,2,25B,5731,2026-02-21
7096,198,3,25B,8243,2026-02-22
7097,198,5,25B,10301,2026-02-16
7098,198,5,25B,802,2026-02-22
7099,198,5,25B,8102,2026-02-13
7100,199,2,25A,3581,2025-10-08
7101,199,3,25A,6104,2025-10-03
7102,199,2,25A,3748,2025-10-02
7103,199,3,25A,7090,2025-10-03
7104,199,2,25A,4741,2025-10-01
7105,199,3,25A,7772,2025-10-21
7106,199,2,25B,2214,2026-02-16
7107,199,5,25B,8466,2026-02-13
7108,199,4,25B,7834,2026-02-03
7109,199,4,25B,8779,2026-02-24
7110,200,4,25A,6497,2025-10-03
7111,200,4,25A,2462,2025-10-16
7112,200,3,25A,6557,2025-10-09
7113,200,3,25A,2406,2025-10-09
7114,200,3,25A,5038,2025-10-08
7115,200,3,25A,6320,2025-10-09
7116,200,5,25A,818,2025-10-19
7117,200,3,25A,3941,2025-10-19
7118,200,4,25B,4298,2026-02-17
7119,200,2,25B,1460,2026-02-04
7120,200,1,25B,7150,2026-02-14
7121,200,2,25B,7590,2026-02-22
7122,200,2,25B,4138,2026-02-20
7123,200,5,25B,6500,2026-02-16
7124,200,4,25B,2473,2026-02-05
7125,201,3,25A,6673,2025-10-08
7126,201,5,25A,19077,2025-10-08
7127,201,4,25A,8672,2025-10-10
7128,201,4,25A,8860,2025-10-16
7129,201,1,25A,2829,2025-10-08
7130,201,2,25A,7153,2025-10-15
7131,201,1,25A,5000,2025-10-16
7132,201,2,25A,17364,2025-10-22
7133,201,5,25B,5399,2026-02-08
7134,201,2,25B,6313,2026-02-25
7135,201,4,25B,7293,2026-02-23
7136,202,4,25A,1350,2025-10-24
7137,202,3,25A,7138,2025-10-15
7138,202,2,25A,6632,2025-10-22
7139,202,1,25A,5248,2025-10-14
7140,202,2,25A,4986,2025-10-03
7141,202,2,25B,2842,2026-02-06
7142,202,1,25B,2796,2026-02-24
7143,202,4,25B,1431,2026-02-26
7144,202,2,25B,8830,2026-02-26
7145,202,2,25B,3258,2026-02-23
7146,202,3,25B,8918,2026-02-10
7147,203,3,25A,726,2025-10-19
7148,203,2,25A,3914,2025-10-13
7149,203,5,25A,2729,2025-10-22
7150,203,2,25A,2388,2025-10-08
7151,203,2,25A,4765,2025-10-20
7152,203,4,25B,686,2026-02-22
7153,203,2,25B,976,2026-02-26
7154,203,3,25B,6509,2026-02-18
7155,203,5,25B,8046,2026-02-06
7156,204,2,25A,3043,2025-10-23
7157,204,5,25A,4384,2025-10-25
7158,204,3,25A,1742,2025-10-08
7159,204,2,25A,7029,2025-10-21
7160,204,2,25A,6717,2025-10-06
7161,204,5,25B,1799,2026-02-20
7162,204,5,25B,3555,2026-02-12
7163,204,4,25B,6128,2026-02-06
7164,204,1,25B,2182,2026-02-17
7165,204,1,25B,5528,2026-02-09
7166,204,3,25B,919,2026-02-11
7167,204,2,25B,4599,2026-02-08
7168,204,3,25B,3988,2026-02-23
7169,205,3,25A,8850,2025-10-26
7170,205,2,25A,5836,2025-10-26
7171,205,5,25A,1173,2025-10-24
7172,205,3,25A,2264,2025-10-21
7173,205,2,25A,3282,2025-10-21
7174,205,4,25A,3740,2025-10-16
7175,205,2,25A,7710,2025-10-03
7176,205,5,25B,1795,2026-02-23
7177,205,4,25B,3057,2026-02-23
7178,205,3,25B,20252,2026-02-20
7179,205,4,25B,20018,2026-02-09
7180,205,4,25B,19753,2026-02-24
7181,205,2,25B,6116,2026-02-13
7182,205,4,25B,1714,2026-02-05
7183,206,1,25A,2168,2025-10-10
7184,206,4,25A,17560,2025-10-24
7185,206,4,25A,8387,2025-10-13
7186,206,3,25A,2033,2025-10-11
7187,206,2,25A,5502,2025-10-05
7188,206,5,25A,6710,2025-10-01
7189,206,2,25A,4201,2025-10-17
7190,206,2,25A,6126,2025-10-25
7191,206,5,25B,1678,2026-02-15
7192,206,5,25B,750,2026-02-09
7193,206,2,25B,5419,2026-02-25
7194,206,3,25B,742,2026-02-08
7195,206,3,25B,4134,2026-02-05
7196,206,1,25B,4773,2026-02-08
7197,206,3,25B,1127,2026-02-03
7198,207,4,25A,18803,2025-10-04
7199,207,4,25A,4792,2025-10-06
7200,207,1,25A,8633,2025-10-24
7201,207,2,25A,3590,2025-10-07
7202,207,3,25A,8210,2025-10-16
7203,208,4,25A,6128,2025-10-12
7204,208,1,25A,1487,2025-10-04
7205,208,4,25A,8938,2025-10-09
7206,208,4,25A,6610,2025-10-23
7207,208,1,25A,2479,2025-10-11
7208,208,4,25A,1006,2025-10-20
7209,208,3,25A,2615,2025-10-07
7210,208,4,25B,5848,2026-02-21
7211,208,4,25B,5569,2026-02-24
7212,208,1,25B,2910,2026-02-16
7213,208,5,25B,4353,2026-02-14
7214,208,2,25B,2808,2026-02-24
7215,208,4,25B,7692,2026-02-01
7216,209,1,25A,1508,2025-10-18
7217,209,3,25A,802,2025-10-15
7218,209,4,25A,6778,2025-10-18
7219,209,3,25B,3190,2026-02-02
7220,209,4,25B,16877,2026-02-24
7221,209,2,25B,2190,2026-02-15
7222,209,4,25B,1531,2026-02-06
7223,209,3,25B,3424,2026-02-22
7224,209,2,25B,2726,2026-02-26
7225,209,2,25B,6275,2026-02-01
7226,210,5,25A,8324,2025-10-15
7227,210,1,25A,3062,2025-10-02
7228,210,4,25A,5924,2025-10-11
7229,210,2,25A,17871,2025-10-26
7230,210,5,25A,6340,2025-10-23
7231,210,4,25A,5642,2025-10-26
7232,210,3,25A,780,2025-10-22
7233,210,3,25B,5639,2026-02-03
7234,210,1,25B,8879,2026-02-04
7235,210,1,25B,6834,2026-02-10
7236,210,3,25B,6352,2026-02-25
7237,210,4,25B,1759,2026-02-09
7238,210,2,25B,7641,2026-02-15
7239,210,4,25B,621,2026-02-21
7240,210,4,25B,8285,2026-02-16
7241,211,2,25A,8816,2025-10-09
7242,211,5,25A,4604,2025-10-06
7243,211,4,25A,7138,2025-10-11
7244,211,4,25A,7317,2025-10-21
7245,211,4,25A,7313,2025-10-25
7246,211,5,25B,4963,2026-02-26
7247,211,4,25B,6434,2026-02-22
7248,211,4,25B,1297,2026-02-12
7249,211,2,25B,6234,2026-02-22
7250,212,5,25A,5995,2025-10-21
7251,212,2,25A,6195,2025-10-10
7252,212,4,25A,980,2025-10-06
7253,212,3,25A,18500,2025-10-11
7254,212,5,25A,8354,2025-10-16
7255,212,4,25A,1193,2025-10-22
7256,212,3,25B,4864,2026-02-16
7257,212,1,25B,5148,2026-02-01
7258,212,1,25B,8183,2026-02-24
7259,212,2,25B,3522,2026-02-22
7260,212,3,25B,19303,2026-02-19
7261,212,2,25B,2674,2026-02-03
7262,212,5,25B,4191,2026-02-23
7263,213,5,25A,2473,2025-10-23
7264,213,5,25A,2607,2025-10-01
7265,213,1,25A,6776,2025-10-24
7266,213,4,25A,7355,2025-10-19
7267,213,4,25A,3451,2025-10-26
7268,213,4,25A,2705,2025-10-15
7269,213,3,25A,6548,2025-10-17
7270,213,5,25B,7238,2026-02-11
7271,213,2,25B,1356,2026-02-09
7272,213,2,25B,6827,2026-02-25
7273,213,4,25B,1499,2026-02-04
7274,214,3,25A,6337,2025-10-22
7275,214,3,25A,3050,2025-10-07
7276,214,4,25A,8134,2025-10-13
7277,214,3,25A,18297,2025-10-26
7278,214,1,25B,906,2026-02-17
7279,214,5,25B,1464,2026-02-09
7280,214,1,25B,2838,2026-02-19
7281,214,3,25B,8236,2026-02-10
7282,214,3,25B,3607,2026-02-10
7283,214,5,25B,3782,2026-02-17
7284,214,3,25B,6449,2026-02-11
7285,214,5,25B,7458,2026-02-25
7286,215,1,25A,7702,2025-10-08
7287,215,1,25A,18236,2025-10-05
7288,215,4,25A,965,2025-10-06
7289,215,1,25A,4859,2025-10-16
7290,215,5,25A,8739,2025-10-18
7291,215,5,25A,3760,2025-10-10
7292,215,2,25B,6405,2026-02-13
7293,215,5,25B,10180,2026-02-17
7294,215,1,25B,7444,2026-02-22
7295,216,3,25A,8386,2025-10-16
7296,216,4,25A,4608,2025-10-23
7297,216,5,25A,1602,2025-10-09
7298,216,3,25A,923,2025-10-24
7299,216,1,25A,2434,2025-10-22
7300,216,3,25A,10063,2025-10-16
7301,216,3,25A,5854,2025-10-16
7302,216,4,25A,4691,2025-10-24
7303,216,2,25B,1808,2026-02-15
7304,216,1,25B,8499,2026-02-03
7305,216,1,25B,4148,2026-02-25
7306,216,4,25B,8173,2026-02-11
7307,216,5,25B,885,2026-02-16
7308,216,4,25B,2155,2026-02-15
7309,216,5,25B,7775,2026-02-04
7310,217,4,25A,8871,2025-10-20
7311,217,2,25A,17570,2025-10-17
7312,217,1,25A,5438,2025-10-13
7313,217,3,25A,974,2025-10-12
7314,217,1,25A,6773,2025-10-05
7315,217,5,25B,7655,2026-02-10
7316,217,1,25B,6713,2026-02-20
7317,217,2,25B,6693,2026-02-25
7318,217,1,25B,3591,2026-02-21
7319,217,5,25B,8183,2026-02-05
7320,217,1,25B,971,2026-02-09
7321,217,4,25B,3439,2026-02-17
7322,218,1,25A,5638,2025-10-14
7323,218,2,25A,7919,2025-10-20
7324,218,1,25A,2553,2025-10-24
7325,218,2,25A,1944,2025-10-11
7326,218,4,25A,8725,2025-10-24
7327,218,3,25A,8675,2025-10-20
7328,218,1,25A,6211,2025-10-11
7329,218,5,25A,5881,2025-10-25
7330,218,5,25B,8819,2026-02-26
7331,218,2,25B,6621,2026-02-11
7332,218,4,25B,6209,2026-02-07
7333,218,1,25B,4081,2026-02-25
7334,218,2,25B,2850,2026-02-21
7335,218,1,25B,2539,2026-02-16
7336,219,5,25A,3304,2025-10-14
7337,219,2,25A,3662,2025-10-10
7338,219,1,25A,1039,2025-10-04
7339,219,4,25A,2284,2025-10-16
7340,219,1,25A,1301,2025-10-11
7341,219,1,25A,6149,2025-10-20
7342,219,3,25A,8123,2025-10-07
7343,219,3,25A,4980,2025-10-13
7344,219,1,25B,3969,2026-02-02
7345,219,1,25B,13976,2026-02-18
7346,219,3,25B,1507,2026-02-09
7347,219,2,25B,7599,2026-02-04
7348,219,4,25B,11279,2026-02-05
7349,220,5,25A,6847,2025-10-08
7350,220,3,25A,7882,2025-10-23
7351,220,2,25A,2210,2025-10-25
7352,220,5,25B,3705,2026-02-03
7353,220,4,25B,8353,2026-02-10
7354,220,3,25B,701,2026-02-02
7355,220,5,25B,5989,2026-02-21
7356,221,4,25A,8168,2025-10-12
7357,221,2,25A,6958,2025-10-09
7358,221,5,25A,4004,2025-10-15
7359,221,3,25B,6188,2026-02-13
7360,221,1,25B,1724,2026-02-26
7361,221,3,25B,3663,2026-02-12
7362,221,1,25B,7924,2026-02-26
7363,221,3,25B,6372,2026-02-25
7364,222,5,25A,6360,2025-10-10
7365,222,4,25A,8522,2025-10-05
7366,222,3,25A,6108,2025-10-04
7367,222,3,25A,8698,2025-10-05
7368,222,4,25B,6065,2026-02-21
7369,222,4,25B,6303,2026-02-09
7370,222,3,25B,5822,2026-02-18
7371,222,4,25B,2853,2026-02-26
7372,222,1,25B,6505,2026-02-15
7373,222,4,25B,5454,2026-02-14
7374,222,3,25B,2524,2026-02-21
7375,222,1,25B,4432,2026-02-12
7376,223,4,25A,5225,2025-10-19
7377,223,1,25A,6553,2025-10-15
7378,223,4,25A,5024,2025-10-04
7379,223,4,25A,1960,2025-10-11
7380,223,2,25A,8549,2025-10-09
7381,223,2,25A,681,2025-10-15
7382,223,1,25A,2647,2025-10-10
7383,223,2,25B,6436,2026-02-19
7384,223,5,25B,8431,2026-02-17
7385,223,1,25B,2759,2026-02-15
7386,223,3,25B,4836,2026-02-24
7387,223,2,25B,6057,2026-02-15
7388,224,4,25A,4562,2025-10-08
7389,224,2,25A,5237,2025-10-11
7390,224,5,25A,3543,2025-10-17
7391,224,5,25A,6308,2025-10-01
7392,224,4,25A,13526,2025-10-14
7393,224,3,25A,4683,2025-10-01
7394,224,2,25A,1246,2025-10-26
7395,224,5,25A,12117,2025-10-08
7396,224,1,25B,6859,2026-02-23
7397,224,5,25B,1186,2026-02-25
7398,224,5,25B,6703,2026-02-05
7399,224,5,25B,1014,2026-02-17
7400,224,2,25B,19187,2026-02-17
7401,224,1,25B,11062,2026-02-04
7402,224,2,25B,3299,2026-02-17
7403,224,2,25B,3307,2026-02-23
7404,225,1,25A,6129,2025-10-13
7405,225,2,25A,18266,2025-10-18
7406,225,3,25A,1311,2025-10-02
7407,225,1,25B,7130,2026-02-22
7408,225,4,25B,7125,2026-02-12
7409,225,1,25B,868,2026-02-21
7410,225,3,25B,4713,2026-02-13
7411,225,2,25B,5215,2026-02-19
7412,225,3,25B,7676,2026-02-10
7413,225,4,25B,8879,2026-02-10
7414,225,3,25B,7342,2026-02-22
7415,226,5,25A,6273,2025-10-10
7416,226,2,25A,6850,2025-10-13
7417,226,2,25A,18589,2025-10-19
7418,226,4,25A,3972,2025-10-21
7419,226,3,25A,4076,2025-10-06
7420,226,3,25A,1995,2025-10-06
7421,226,1,25A,6190,2025-10-20
7422,226,4,25A,1264,2025-10-07
7423,226,1,25B,4852,2026-02-12
7424,226,5,25B,5396,2026-02-25
7425,226,4,25B,4173,2026-02-09
7426,227,3,25A,5299,2025-10-13
7427,227,1,25A,2092,2025-10-20
7428,227,4,25A,798,2025-10-07
7429,227,3,25A,647,2025-10-26
7430,227,2,25A,6752,2025-10-24
7431,227,3,25A,5524,2025-10-23
7432,227,5,25A,6154,2025-10-15
7433,227,3,25A,2958,2025-10-20
7434,227,5,25B,5632,2026-02-01
7435,227,1,25B,8802,2026-02-05
7436,227,4,25B,2147,2026-02-01
7437,227,4,25B,3854,2026-02-11
7438,227,5,25B,4012,2026-02-13
7439,227,1,25B,20215,2026-02-08
7440,227,5,25B,1827,2026-02-19
7441,228,4,25A,1001,2025-10-22
7442,228,4,25A,6916,2025-10-06
7443,228,5,25A,3283,2025-10-03
7444,228,2,25A,8560,2025-10-24
7445,228,5,25A,3695,2025-10-07
7446,228,4,25A,5096,2025-10-06
7447,228,1,25B,1217,2026-02-09
7448,228,3,25B,6519,2026-02-10
7449,228,2,25B,4541,2026-02-25
7450,228,1,25B,7940,2026-02-07
7451,229,4,25A,3845,2025-10-12
7452,229,4,25A,4587,2025-10-06
7453,229,5,25A,3751,2025-10-13
7454,229,3,25A,3282,2025-10-20
7455,229,5,25A,1074,2025-10-20
7456,229,2,25A,5850,2025-10-23
7457,229,5,25A,6888,2025-10-24
7458,229,5,25A,2116,2025-10-21
7459,229,3,25B,1513,2026-02-26
7460,229,5,25B,6157,2026-02-01
7461,229,1,25B,6412,2026-02-12
7462,229,5,25B,2466,2026-02-17
7463,230,5,25A,4243,2025-10-13
7464,230,3,25A,5895,2025-10-03
7465,230,5,25A,1375,2025-10-08
7466,230,3,25A,2409,2025-10-04
7467,230,4,25A,1348,2025-10-11
7468,230,2,25A,4926,2025-10-21
7469,230,3,25B,7612,2026-02-15
7470,230,2,25B,5666,2026-02-09
7471,230,1,25B,3302,2026-02-04
7472,230,3,25B,20694,2026-02-09
7473,230,3,25B,8018,2026-02-01
7474,230,2,25B,8370,2026-02-18
7475,230,1,25B,7487,2026-02-13
7476,230,3,25B,2032,2026-02-13
7477,231,2,25A,7413,2025-10-18
7478,231,1,25A,4242,2025-10-04
7479,231,4,25A,5717,2025-10-21
7480,231,2,25A,3580,2025-10-16
7481,231,4,25A,12492,2025-10-11
7482,231,5,25A,1824,2025-10-01
7483,231,5,25A,6632,2025-10-08
7484,231,2,25B,6395,2026-02-14
7485,231,3,25B,3034,2026-02-06
7486,231,2,25B,3878,2026-02-13
7487,231,4,25B,2940,2026-02-05
7488,231,1,25B,4695,2026-02-15
7489,232,3,25A,6807,2025-10-26
7490,232,5,25A,4600,2025-10-18
7491,232,2,25A,2437,2025-10-04
7492,232,2,25A,5174,2025-10-26
7493,232,2,25A,8405,2025-10-11
7494,232,4,25A,10314,2025-10-21
7495,232,1,25B,1749,2026-02-26
7496,232,2,25B,8199,2026-02-26
7497,232,4,25B,7303,2026-02-16
7498,232,1,25B,1525,2026-02-21
7499,232,2,25B,8690,2026-02-10
7500,232,3,25B,2531,2026-02-07
7501,232,4,25B,3607,2026-02-15
7502,233,4,25A,6527,2025-10-11
7503,233,5,25A,16866,2025-10-19
7504,233,1,25A,978,2025-10-05
7505,233,5,25A,4354,2025-10-13
7506,233,3,25A,17711,2025-10-25
7507,233,1,25B,5067,2026-02-11
7508,233,5,25B,7899,2026-02-10
7509,233,3,25B,5324,2026-02-25
7510,233,4,25B,8257,2026-02-15
7511,234,1,25A,1402,2025-10-04
7512,234,4,25A,5053,2025-10-25
7513,234,3,25A,996,2025-10-01
7514,234,5,25A,5205,2025-10-17
7515,234,4,25A,5894,2025-10-01
7516,234,1,25A,7124,2025-10-18
7517,234,4,25A,8857,2025-10-15
7518,234,1,25A,5897,2025-10-01
7519,234,4,25B,926,2026-02-21
7520,234,1,25B,7826,2026-02-06
7521,234,1,25B,3607,2026-02-11
7522,234,2,25B,7469,2026-02-26
7523,234,1,25B,2373,2026-02-06
7524,234,5,25B,6210,2026-02-17
7525,234,2,25B,5728,2026-02-19
7526,234,4,25B,3593,2026-02-16
7527,235,4,25A,5966,2025-10-14
7528,235,1,25A,2991,2025-10-16
7529,235,2,25A,4769,2025-10-20
7530,235,5,25A,2947,2025-10-08
7531,235,4,25A,3933,2025-10-08
7532,235,2,25B,3522,2026-02-09
7533,235,1,25B,1755,2026-02-01
7534,235,1,25B,1526,2026-02-08
7535,235,5,25B,8392,2026-02-15
7536,236,2,25A,8790,2025-10-24
7537,236,2,25A,8556,2025-10-26
7538,236,4,25A,1721,2025-10-25
7539,236,2,25A,6202,2025-10-03
7540,236,1,25A,4337,2025-10-18
7541,236,4,25A,4424,2025-10-15
7542,236,4,25A,1724,2025-10-07
7543,236,2,25B,3163,2026-02-23
7544,236,5,25B,1320,2026-02-03
7545,236,2,25B,5148,2026-02-13
7546,236,3,25B,7802,2026-02-07
7547,237,3,25A,5001,2025-10-02
7548,237,3,25A,1841,2025-10-07
7549,237,1,25A,772,2025-10-08
7550,237,2,25A,11319,2025-10-17
7551,237,4,25A,3296,2025-10-02
7552,237,4,25B,1038,2026-02-16
7553,237,2,25B,21189,2026-02-06
7554,237,5,25B,2275,2026-02-14
7555,238,4,25A,8542,2025-10-13
7556,238,1,25A,2116,2025-10-14
7557,238,3,25A,4857,2025-10-16
7558,238,5,25A,5918,2025-10-08
7559,238,4,25B,873,2026-02-05
7560,238,5,25B,8495,2026-02-06
7561,238,4,25B,2544,2026-02-09
7562,238,4,25B,5727,2026-02-22
7563,238,5,25B,7853,2026-02-14
7564,238,1,25B,7737,2026-02-08
7565,238,1,25B,16249,2026-02-25
7566,238,2,25B,17369,2026-02-23
7567,239,3,25A,2942,2025-10-14
7568,239,1,25A,5561,2025-10-12
7569,239,5,25A,8646,2025-10-16
7570,239,1,25A,665,2025-10-04
7571,239,1,25A,3530,2025-10-10
7572,239,3,25A,5724,2025-10-03
7573,239,2,25A,5538,2025-10-25
7574,239,3,25A,18820,2025-10-13
7575,239,1,25B,6733,2026-02-01
7576,239,1,25B,2618,2026-02-10
7577,239,4,25B,8943,2026-02-01
7578,239,2,25B,5826,2026-02-08
7579,240,5,25A,920,2025-10-21
7580,240,5,25A,8090,2025-10-21
7581,240,1,25A,17374,2025-10-07
7582,240,5,25A,8457,2025-10-12
7583,240,2,25A,7914,2025-10-10
7584,240,4,25A,4052,2025-10-04
7585,240,4,25A,3712,2025-10-18
7586,240,2,25B,2417,2026-02-17
7587,240,3,25B,2209,2026-02-21
7588,240,2,25B,1008,2026-02-05
7589,240,4,25B,2313,2026-02-02
7590,240,4,25B,6069,2026-02-02
7591,240,4,25B,7486,2026-02-19
7592,241,5,25A,4127,2025-10-13
7593,241,3,25A,8617,2025-10-19
7594,241,1,25A,4886,2025-10-26
7595,241,2,25A,5380,2025-10-15
7596,241,2,25A,4054,2025-10-19
7597,241,1,25A,2661,2025-10-16
7598,241,3,25A,18415,2025-10-25
7599,241,1,25A,22621,2025-10-22
7600,241,1,25B,7558,2026-02-14
7601,241,5,25B,6030,2026-02-10
7602,241,4,25B,929,2026-02-05
7603,241,5,25B,7531,2026-02-25
7604,241,2,25B,2297,2026-02-24
7605,241,5,25B,7216,2026-02-22
7606,242,2,25A,8974,2025-10-09
7607,242,3,25A,2319,2025-10-15
7608,242,4,25A,6470,2025-10-01
7609,242,3,25A,1223,2025-10-06
7610,242,2,25B,6531,2026-02-21
7611,242,1,25B,897,2026-02-17
7612,242,3,25B,8952,2026-02-22
7613,242,2,25B,1728,2026-02-04
7614,243,5,25A,10961,2025-10-03
7615,243,5,25A,6671,2025-10-23
7616,243,3,25A,6559,2025-10-02
7617,243,5,25B,3698,2026-02-16
7618,243,5,25B,5289,2026-02-09
7619,243,2,25B,8672,2026-02-12
7620,243,1,25B,2397,2026-02-19
7621,243,1,25B,2489,2026-02-26
7622,244,1,25A,1958,2025-10-24
7623,244,3,25A,6690,2025-10-25
7624,244,1,25A,1685,2025-10-05
7625,244,2,25A,6911,2025-10-24
7626,244,4,25B,4991,2026-02-26
7627,244,1,25B,3389,2026-02-19
7628,244,3,25B,8798,2026-02-18
7629,244,3,25B,8103,2026-02-11
7630,244,5,25B,4414,2026-02-02
7631,244,5,25B,3101,2026-02-03
7632,245,4,25A,6862,2025-10-15
7633,245,5,25A,2493,2025-10-02
7634,245,5,25A,7567,2025-10-05
7635,245,3,25A,5925,2025-10-08
7636,245,2,25A,2553,2025-10-20
7637,245,1,25A,2990,2025-10-05
7638,245,3,25A,3100,2025-10-12
7639,245,3,25A,3027,2025-10-12
7640,245,2,25B,1973,2026-02-08
7641,245,5,25B,7988,2026-02-13
7642,245,2,25B,6778,2026-02-18
7643,246,1,25A,6233,2025-10-14
7644,246,1,25A,726,2025-10-13
7645,246,1,25A,3035,2025-10-13
7646,246,2,25A,3579,2025-10-10
7647,246,5,25A,8099,2025-10-11
7648,246,2,25A,2447,2025-10-11
7649,246,3,25A,7933,2025-10-23
7650,246,4,25A,5470,2025-10-09
7651,246,2,25B,11826,2026-02-10
7652,246,1,25B,7396,2026-02-24
7653,246,1,25B,5374,2026-02-11
7654,246,3,25B,9278,2026-02-15
7655,246,4,25B,2832,2026-02-02
7656,246,5,25B,6863,2026-02-20
7657,247,3,25A,5031,2025-10-11
7658,247,4,25A,7495,2025-10-14
7659,247,2,25A,2578,2025-10-06
7660,247,5,25A,915,2025-10-02
7661,247,3,25A,6409,2025-10-03
7662,247,5,25A,16194,2025-10-01
7663,247,2,25A,3048,2025-10-16
7664,247,2,25B,4291,2026-02-05
7665,247,4,25B,6238,2026-02-21
7666,247,2,25B,8078,2026-02-08
7667,247,3,25B,7706,2026-02-22
7668,248,3,25A,7895,2025-10-26
7669,248,3,25A,5682,2025-10-12
7670,248,3,25A,4703,2025-10-14
7671,248,1,25A,4874,2025-10-05
7672,248,3,25B,10719,2026-02-19
7673,248,2,25B,1084,2026-02-22
7674,248,1,25B,6206,2026-02-25
7675,248,4,25B,8903,2026-02-25
7676,248,5,25B,3176,2026-02-22
7677,248,3,25B,5167,2026-02-18
7678,248,4,25B,5070,2026-02-15
7679,249,2,25A,4254,2025-10-02
7680,249,2,25A,6697,2025-10-20
7681,249,3,25A,6327,2025-10-22
7682,249,1,25A,5937,2025-10-19
7683,249,3,25A,4103,2025-10-15
7684,249,4,25A,7361,2025-10-25
7685,249,1,25A,2288,2025-10-13
7686,249,1,25B,1970,2026-02-04
7687,249,2,25B,8541,2026-02-01
7688,249,1,25B,8773,2026-02-17
7689,249,1,25B,3101,2026-02-01
7690,249,2,25B,2539,2026-02-14
7691,249,1,25B,8910,2026-02-25
7692,249,2,25B,994,2026-02-14
7693,250,2,25A,5308,2025-10-21
7694,250,4,25A,16619,2025-10-19
7695,250,2,25A,3260,2025-10-13
7696,250,2,25B,8147,2026-02-02
7697,250,2,25B,1034,2026-02-22
7698,250,2,25B,1183,2026-02-07
7699,250,3,25B,7421,2026-02-24
7700,251,1,25A,17781,2025-10-05
7701,251,4,25A,14133,2025-10-14
7702,251,1,25A,4022,2025-10-13
7703,251,3,25A,8597,2025-10-17
7704,251,3,25A,6683,2025-10-26
7705,251,5,25B,3495,2026-02-07
7706,251,1,25B,4955,2026-02-14
7707,251,4,25B,2642,2026-02-08
7708,252,5,25A,2252,2025-10-06
7709,252,1,25A,5265,2025-10-02
7710,252,5,25A,6612,2025-10-05
7711,252,3,25A,2839,2025-10-25
7712,252,3,25A,5263,2025-10-18
7713,252,3,25A,7934,2025-10-11
7714,252,3,25A,1690,2025-10-26
7715,252,5,25B,4198,2026-02-02
7716,252,2,25B,8142,2026-02-12
7717,252,4,25B,1596,2026-02-25
7718,252,5,25B,2233,2026-02-03
7719,252,1,25B,6290,2026-02-01
7720,252,3,25B,8888,2026-02-13
7721,253,4,25A,1984,2025-10-21
7722,253,4,25A,8739,2025-10-22
7723,253,4,25A,5542,2025-10-26
7724,253,2,25A,674,2025-10-07
7725,253,5,25B,2852,2026-02-04
7726,253,2,25B,6495,2026-02-06
7727,253,5,25B,853,2026-02-17
7728,253,1,25B,6959,2026-02-05
7729,253,3,25B,4196,2026-02-12
7730,254,3,25A,2317,2025-10-22
7731,254,3,25A,888,2025-10-02
7732,254,4,25A,3932,2025-10-23
7733,254,4,25A,6688,2025-10-05
7734,254,5,25A,2241,2025-10-22
7735,254,3,25A,1584,2025-10-14
7736,254,4,25B,891,2026-02-12
7737,254,2,25B,7126,2026-02-13
7738,254,2,25B,4611,2026-02-13
7739,255,4,25A,5500,2025-10-01
7740,255,4,25A,4168,2025-10-02
7741,255,5,25A,6016,2025-10-15
7742,255,1,25A,8722,2025-10-18
7743,255,5,25A,4904,2025-10-12
7744,255,4,25A,7898,2025-10-16
7745,255,2,25A,4672,2025-10-21
7746,255,5,25A,6606,2025-10-20
7747,255,3,25B,8384,2026-02-26
7748,255,2,25B,7893,2026-02-21
7749,255,3,25B,5509,2026-02-09
7750,255,3,25B,5516,2026-02-01
7751,255,1,25B,6704,2026-02-19
7752,255,3,25B,4212,2026-02-06
7753,255,5,25B,4240,2026-02-12
7754,255,1,25B,1259,2026-02-03
7755,256,1,25A,2651,2025-10-01
7756,256,4,25A,7314,2025-10-07
7757,256,5,25A,2457,2025-10-08
7758,256,4,25A,4517,2025-10-20
7759,256,2,25A,1388,2025-10-02
7760,256,3,25A,2796,2025-10-07
7761,256,4,25B,8520,2026-02-03
7762,256,4,25B,1213,2026-02-14
7763,256,2,25B,6831,2026-02-23
7764,257,1,25A,8559,2025-10-03
7765,257,2,25A,2445,2025-10-02
7766,257,1,25A,3982,2025-10-16
7767,257,4,25A,5640,2025-10-17
7768,257,1,25A,4532,2025-10-10
7769,257,2,25B,1776,2026-02-07
7770,257,4,25B,8821,2026-02-21
7771,257,5,25B,4585,2026-02-12
7772,257,3,25B,2762,2026-02-06
7773,257,5,25B,8751,2026-02-16
7774,257,5,25B,2175,2026-02-08
7775,257,3,25B,8531,2026-02-11
7776,258,3,25A,5707,2025-10-19
7777,258,1,25A,3437,2025-10-09
7778,258,2,25A,1591,2025-10-08
7779,258,3,25A,5311,2025-10-11
7780,258,3,25A,1964,2025-10-24
7781,258,1,25B,4206,2026-02-21
7782,258,4,25B,6228,2026-02-19
7783,258,2,25B,1745,2026-02-16
7784,258,2,25B,18248,2026-02-25
7785,258,3,25B,2810,2026-02-23
7786,259,3,25A,1985,2025-10-15
7787,259,5,25A,8248,2025-10-16
7788,259,5,25A,6236,2025-10-04
7789,259,1,25A,2410,2025-10-18
7790,259,1,25A,2534,2025-10-10
7791,259,3,25B,5706,2026-02-11
7792,259,3,25B,3247,2026-02-22
7793,259,5,25B,6366,2026-02-17
7794,259,3,25B,5559,2026-02-12
7795,260,2,25A,4622,2025-10-02
7796,260,1,25A,6686,2025-10-23
7797,260,4,25A,1945,2025-10-21
7798,260,3,25A,6268,2025-10-03
7799,260,4,25A,942,2025-10-12
7800,260,5,25A,1928,2025-10-25
7801,260,5,25A,2620,2025-10-15
7802,260,5,25A,4937,2025-10-24
7803,260,1,25B,815,2026-02-11
7804,260,3,25B,6401,2026-02-09
7805,260,1,25B,897,2026-02-06
7806,260,1,25B,6644,2026-02-22
7807,261,5,25A,1779,2025-10-19
7808,261,5,25A,5475,2025-10-21
7809,261,1,25A,12345,2025-10-17
7810,261,3,25B,5096,2026-02-06
7811,261,3,25B,3150,2026-02-17
7812,261,1,25B,8050,2026-02-20
7813,261,4,25B,634,2026-02-14
7814,261,4,25B,11363,2026-02-05
7815,262,5,25A,7056,2025-10-10
7816,262,2,25A,2685,2025-10-22
7817,262,2,25A,23701,2025-10-22
7818,262,4,25B,6046,2026-02-04
7819,262,1,25B,4490,2026-02-23
7820,262,1,25B,7156,2026-02-21
7821,262,5,25B,3571,2026-02-02
7822,262,1,25B,11601,2026-02-04
7823,262,3,25B,3304,2026-02-09
7824,262,5,25B,7170,2026-02-04
7825,263,3,25A,16768,2025-10-23
7826,263,2,25A,1687,2025-10-06
7827,263,2,25A,4978,2025-10-23
7828,263,5,25A,4333,2025-10-26
7829,263,5,25A,22626,2025-10-05
7830,263,1,25B,7981,2026-02-03
7831,263,2,25B,6014,2026-02-10
7832,263,3,25B,13342,2026-02-11
7833,263,3,25B,8715,2026-02-11
7834,263,1,25B,8951,2026-02-06
7835,264,5,25A,4939,2025-10-04
7836,264,3,25A,13307,2025-10-04
7837,264,2,25A,2283,2025-10-23
7838,264,3,25A,5871,2025-10-13
7839,264,4,25B,4246,2026-02-08
7840,264,2,25B,1736,2026-02-16
7841,264,4,25B,3339,2026-02-09
7842,264,1,25B,7015,2026-02-09
7843,265,5,25A,7643,2025-10-12
7844,265,4,25A,1987,2025-10-25
7845,265,2,25A,4907,2025-10-02
7846,265,1,25A,8555,2025-10-17
7847,265,4,25A,8403,2025-10-03
7848,265,5,25A,14034,2025-10-24
7849,265,2,25A,4921,2025-10-13
7850,265,1,25B,2900,2026-02-20
7851,265,2,25B,4201,2026-02-18
7852,265,5,25B,18324,2026-02-22
7853,265,1,25B,4739,2026-02-23
7854,266,3,25A,7033,2025-10-10
7855,266,4,25A,6515,2025-10-10
7856,266,5,25A,5265,2025-10-17
7857,266,1,25A,1243,2025-10-25
7858,266,2,25A,7123,2025-10-01
7859,266,4,25A,4334,2025-10-11
7860,266,2,25A,3134,2025-10-13
7861,266,2,25A,8979,2025-10-05
7862,266,3,25B,2533,2026-02-03
7863,266,3,25B,8147,2026-02-22
7864,266,3,25B,12547,2026-02-02
7865,266,4,25B,3604,2026-02-05
7866,266,5,25B,6585,2026-02-23
7867,267,2,25A,6083,2025-10-01
7868,267,4,25A,4221,2025-10-08
7869,267,3,25A,1565,2025-10-12
7870,267,1,25A,4313,2025-10-06
7871,267,5,25A,7586,2025-10-02
7872,267,2,25A,8699,2025-10-20
7873,267,3,25A,2423,2025-10-22
7874,267,4,25B,4100,2026-02-25
7875,267,1,25B,7730,2026-02-24
7876,267,2,25B,5962,2026-02-21
7877,267,2,25B,2539,2026-02-03
7878,267,5,25B,3008,2026-02-24
7879,267,1,25B,7506,2026-02-12
7880,267,3,25B,6293,2026-02-06
7881,268,4,25A,3806,2025-10-19
7882,268,5,25A,2221,2025-10-16
7883,268,1,25A,3991,2025-10-22
7884,268,2,25B,5635,2026-02-14
7885,268,3,25B,1029,2026-02-08
7886,268,2,25B,4432,2026-02-13
7887,268,1,25B,4850,2026-02-06
7888,268,5,25B,8553,2026-02-12
7889,268,5,25B,3718,2026-02-07
7890,269,4,25A,2809,2025-10-14
7891,269,5,25A,8984,2025-10-11
7892,269,2,25A,11709,2025-10-10
7893,269,5,25A,1400,2025-10-20
7894,269,1,25A,5450,2025-10-02
7895,269,3,25A,12662,2025-10-12
7896,269,2,25B,2982,2026-02-26
7897,269,5,25B,3635,2026-02-02
7898,269,5,25B,4070,2026-02-26
7899,269,5,25B,844,2026-02-03
7900,269,2,25B,3510,2026-02-06
7901,269,5,25B,1845,2026-02-14
7902,269,4,25B,2471,2026-02-06
7903,270,1,25A,8031,2025-10-01
7904,270,2,25A,8635,2025-10-16
7905,270,4,25A,1291,2025-10-21
7906,270,4,25A,1073,2025-10-18
7907,270,3,25A,4722,2025-10-20
7908,270,4,25A,6554,2025-10-16
7909,270,5,25B,8439,2026-02-01
7910,270,5,25B,995,2026-02-02
7911,270,1,25B,6442,2026-02-23
7912,270,1,25B,1664,2026-02-23
7913,271,5,25A,8354,2025-10-21
7914,271,4,25A,5092,2025-10-14
7915,271,2,25A,1088,2025-10-09
7916,271,3,25A,3284,2025-10-11
7917,271,5,25A,738,2025-10-22
7918,271,5,25A,2043,2025-10-25
7919,271,3,25B,4872,2026-02-10
7920,271,1,25B,7390,2026-02-22
7921,271,5,25B,1503,2026-02-04
7922,271,3,25B,19186,2026-02-05
7923,271,3,25B,1450,2026-02-09
7924,271,2,25B,5789,2026-02-01
7925,272,1,25A,2859,2025-10-20
7926,272,3,25A,6086,2025-10-20
7927,272,4,25A,7299,2025-10-11
7928,272,4,25A,5541,2025-10-04
7929,272,3,25A,3617,2025-10-06
7930,272,2,25A,2153,2025-10-10
7931,272,4,25A,7781,2025-10-09
7932,272,3,25A,6953,2025-10-06
7933,272,4,25B,7146,2026-02-07
7934,272,1,25B,2264,2026-02-09
7935,272,2,25B,16384,2026-02-26
7936,273,2,25A,5613,2025-10-12
7937,273,1,25A,5895,2025-10-25
7938,273,5,25A,2014,2025-10-04
7939,273,1,25A,8337,2025-10-14
7940,273,3,25B,2581,2026-02-03
7941,273,4,25B,18112,2026-02-11
7942,273,1,25B,8441,2026-02-06
7943,274,3,25A,5752,2025-10-06
7944,274,3,25A,5854,2025-10-04
7945,274,2,25A,5067,2025-10-26
7946,274,1,25A,5918,2025-10-04
7947,274,4,25A,3795,2025-10-14
7948,274,2,25B,3609,2026-02-26
7949,274,2,25B,6482,2026-02-04
7950,274,1,25B,8598,2026-02-17
7951,275,5,25A,8957,2025-10-08
7952,275,5,25A,2378,2025-10-09
7953,275,5,25A,1528,2025-10-02
7954,275,2,25B,4762,2026-02-17
7955,275,4,25B,1827,2026-02-24
7956,275,1,25B,6462,2026-02-08
7957,275,4,25B,6768,2026-02-25
7958,275,4,25B,1201,2026-02-16
7959,275,5,25B,2153,2026-02-22
7960,276,1,25A,2082,2025-10-03
7961,276,3,25A,6906,2025-10-18
7962,276,1,25A,17432,2025-10-03
7963,276,3,25A,907,2025-10-05
7964,276,2,25A,7699,2025-10-14
7965,276,5,25A,2042,2025-10-06
7966,276,2,25B,5745,2026-02-20
7967,276,2,25B,4019,2026-02-12
7968,276,4,25B,8415,2026-02-15
7969,276,2,25B,1573,2026-02-08
7970,277,1,25A,5287,2025-10-04
7971,277,3,25A,3480,2025-10-17
7972,277,3,25A,4666,2025-10-09
7973,277,4,25A,13980,2025-10-20
7974,277,4,25B,3449,2026-02-14
7975,277,4,25B,6663,2026-02-14
7976,277,4,25B,6294,2026-02-02
7977,277,1,25B,7028,2026-02-15
7978,277,2,25B,5316,2026-02-14
7979,278,1,25A,20534,2025-10-06
7980,278,4,25A,3221,2025-10-18
7981,278,2,25A,6659,2025-10-05
7982,278,4,25A,7902,2025-10-24
7983,278,2,25A,8526,2025-10-12
7984,278,5,25A,5369,2025-10-08
7985,278,4,25A,3449,2025-10-03
7986,278,3,25A,7018,2025-10-25
7987,278,3,25B,8941,2026-02-23
7988,278,4,25B,8435,2026-02-18
7989,278,5,25B,5252,2026-02-18
7990,278,5,25B,4868,2026-02-13
7991,278,1,25B,2179,2026-02-16
7992,278,2,25B,3564,2026-02-18
7993,279,4,25A,6700,2025-10-23
7994,279,3,25A,7321,2025-10-25
7995,279,4,25A,7942,2025-10-05
7996,279,5,25B,676,2026-02-07
7997,279,5,25B,7243,2026-02-17
7998,279,5,25B,4823,2026-02-07
7999,279,1,25B,2140,2026-02-03
8000,279,4,25B,887,2026-02-21
8001,280,4,25A,6906,2025-10-16
8002,280,3,25A,1203,2025-10-01
8003,280,4,25A,6242,2025-10-09
8004,280,3,25A,5032,2025-10-25
8005,280,4,25A,8286,2025-10-02
8006,280,5,25A,5955,2025-10-24
8007,280,2,25B,7074,2026-02-01
8008,280,5,25B,1089,2026-02-23
8009,280,5,25B,7266,2026-02-01
8010,280,3,25B,7317,2026-02-06
8011,280,1,25B,7952,2026-02-12
8012,280,5,25B,8449,2026-02-23
8013,280,3,25B,7024,2026-02-10
8014,280,1,25B,2833,2026-02-04
8015,281,4,25A,871,2025-10-10
8016,281,3,25A,4601,2025-10-23
8017,281,1,25A,7709,2025-10-05
8018,281,5,25A,8198,2025-10-22
8019,281,3,25B,2431,2026-02-11
8020,281,2,25B,991,2026-02-25
8021,281,5,25B,2328,2026-02-04
8022,281,1,25B,3350,2026-02-06
8023,281,2,25B,2965,2026-02-18
8024,281,4,25B,7949,2026-02-05
8025,281,2,25B,3041,2026-02-06
8026,281,1,25B,1297,2026-02-09
8027,282,1,25A,6236,2025-10-11
8028,282,5,25A,4038,2025-10-09
8029,282,3,25A,3452,2025-10-05
8030,282,4,25A,3555,2025-10-26
8031,282,1,25A,2694,2025-10-12
8032,282,3,25B,8884,2026-02-05
8033,282,4,25B,4077,2026-02-02
8034,282,3,25B,3316,2026-02-21
8035,283,3,25A,6045,2025-10-09
8036,283,1,25A,2314,2025-10-15
8037,283,3,25A,6343,2025-10-26
8038,283,1,25A,5279,2025-10-10
8039,283,3,25A,7057,2025-10-08
8040,283,5,25A,2966,2025-10-19
8041,283,1,25B,17084,2026-02-19
8042,283,3,25B,4937,2026-02-16
8043,283,4,25B,3328,2026-02-26
8044,283,2,25B,6188,2026-02-01
8045,284,2,25A,8606,2025-10-18
8046,284,2,25A,1169,2025-10-06
8047,284,1,25A,3105,2025-10-16
8048,284,1,25A,4989,2025-10-15
8049,284,1,25B,4491,2026-02-01
8050,284,5,25B,5431,2026-02-06
8051,284,2,25B,6912,2026-02-24
8052,284,3,25B,6228,2026-02-06
8053,285,2,25A,2210,2025-10-18
8054,285,4,25A,848,2025-10-14
8055,285,2,25A,6423,2025-10-01
8056,285,1,25A,3813,2025-10-12
8057,285,1,25B,7157,2026-02-18
8058,285,5,25B,8015,2026-02-05
8059,285,4,25B,7747,2026-02-21
8060,285,3,25B,5423,2026-02-13
8061,285,3,25B,3804,2026-02-12
8062,285,5,25B,4446,2026-02-03
8063,285,3,25B,5221,2026-02-07
8064,285,5,25B,11139,2026-02-13
8065,286,3,25A,4838,2025-10-16
8066,286,1,25A,2863,2025-10-20
8067,286,4,25A,17726,2025-10-15
8068,286,4,25A,5680,2025-10-04
8069,286,5,25A,3060,2025-10-03
8070,286,3,25A,3714,2025-10-21
8071,286,4,25A,14278,2025-10-17
8072,286,2,25B,6841,2026-02-13
8073,286,5,25B,2877,2026-02-12
8074,286,3,25B,878,2026-02-11
8075,286,2,25B,17241,2026-02-20
8076,286,2,25B,2668,2026-02-07
8077,286,1,25B,5366,2026-02-24
8078,287,5,25A,1358,2025-10-07
8079,287,1,25A,6796,2025-10-01
8080,287,2,25A,5140,2025-10-17
8081,287,1,25A,5674,2025-10-24
8082,287,2,25A,6998,2025-10-19
8083,287,2,25A,4341,2025-10-08
8084,287,3,25B,7201,2026-02-21
8085,287,2,25B,11345,2026-02-14
8086,287,2,25B,2327,2026-02-25
8087,287,5,25B,1623,2026-02-25
8088,287,2,25B,10999,2026-02-16
8089,287,4,25B,6835,2026-02-03
8090,287,5,25B,3523,2026-02-02
8091,288,3,25A,4363,2025-10-07
8092,288,2,25A,5183,2025-10-07
8093,288,5,25A,7507,2025-10-26
8094,288,1,25A,8018,2025-10-13
8095,288,3,25A,6577,2025-10-02
8096,288,5,25A,7917,2025-10-18
8097,288,2,25B,6895,2026-02-26
8098,288,1,25B,5872,2026-02-20
8099,288,1,25B,7342,2026-02-23
8100,289,2,25A,842,2025-10-19
8101,289,3,25A,2478,2025-10-12
8102,289,2,25A,2789,2025-10-20
8103,289,2,25A,2314,2025-10-20
8104,289,1,25B,4919,2026-02-10
8105,289,2,25B,14693,2026-02-22
8106,289,4,25B,8913,2026-02-14
8107,289,4,25B,4398,2026-02-17
8108,289,5,25B,2239,2026-02-04
8109,289,2,25B,7676,2026-02-11
8110,289,5,25B,8586,2026-02-21
8111,290,5,25A,1824,2025-10-25
8112,290,4,25A,7166,2025-10-24
8113,290,4,25A,5851,2025-10-06
8114,290,2,25A,7555,2025-10-12
8115,290,3,25A,16746,2025-10-05
8116,290,4,25A,8207,2025-10-11
8117,290,2,25A,3431,2025-10-21
8118,290,3,25B,1479,2026-02-16
8119,290,4,25B,2149,2026-02-05
8120,290,5,25B,5809,2026-02-04
8121,290,1,25B,3499,2026-02-05
8122,290,1,25B,3107,2026-02-08
8123,291,3,25A,6139,2025-10-01
8124,291,1,25A,3605,2025-10-21
8125,291,4,25A,4406,2025-10-12
8126,291,1,25A,1707,2025-10-04
8127,291,4,25A,6457,2025-10-06
8128,291,1,25A,952,2025-10-04
8129,291,2,25A,1942,2025-10-25
8130,291,1,25A,12924,2025-10-20
8131,291,2,25B,6187,2026-02-10
8132,291,5,25B,1831,2026-02-01
8133,291,2,25B,5308,2026-02-24
8134,292,4,25A,3874,2025-10-06
8135,292,4,25A,4941,2025-10-23
8136,292,1,25A,3578,2025-10-23
8137,292,4,25A,5232,2025-10-12
8138,292,2,25A,6221,2025-10-10
8139,292,1,25A,6750,2025-10-08
8140,292,5,25A,15305,2025-10-14
8141,292,2,25A,4505,2025-10-05
8142,292,2,25B,5073,2026-02-09
8143,292,3,25B,8894,2026-02-21
8144,292,4,25B,7876,2026-02-25
8145,292,5,25B,805,2026-02-01
8146,292,2,25B,2252,2026-02-26
8147,292,5,25B,9787,2026-02-25
8148,292,3,25B,6126,2026-02-13
8149,292,4,25B,2328,2026-02-24
8150,293,4,25A,4596,2025-10-01
8151,293,1,25A,16794,2025-10-02
8152,293,4,25A,1729,2025-10-16
8153,293,2,25A,8003,2025-10-12
8154,293,2,25A,8246,2025-10-23
8155,293,5,25B,1096,2026-02-24
8156,293,5,25B,6677,2026-02-23
8157,293,1,25B,5273,2026-02-08
8158,294,1,25A,1064,2025-10-08
8159,294,2,25A,681,2025-10-18
8160,294,1,25A,3694,2025-10-25
8161,294,2,25A,2055,2025-10-07
8162,294,2,25A,5690,2025-10-07
8163,294,3,25A,5036,2025-10-21
8164,294,1,25A,1465,2025-10-16
8165,294,2,25A,4541,2025-10-02
8166,294,5,25B,7352,2026-02-04
8167,294,1,25B,7999,2026-02-24
8168,294,1,25B,8919,2026-02-11
8169,294,2,25B,2095,2026-02-13
8170,295,5,25A,1968,2025-10-13
8171,295,2,25A,2341,2025-10-03
8172,295,5,25A,1662,2025-10-11
8173,295,2,25A,5090,2025-10-22
8174,295,1,25A,11072,2025-10-13
8175,295,3,25A,7769,2025-10-06
8176,295,4,25B,1032,2026-02-07
8177,295,3,25B,6950,2026-02-11
8178,295,5,25B,3911,2026-02-04
8179,296,1,25A,7134,2025-10-26
8180,296,3,25A,4179,2025-10-23
8181,296,5,25A,2550,2025-10-05
8182,296,2,25A,7475,2025-10-21
8183,296,5,25B,3095,2026-02-09
8184,296,3,25B,803,2026-02-15
8185,296,2,25B,1640,2026-02-16
8186,297,1,25A,5406,2025-10-05
8187,297,1,25A,7768,2025-10-26
8188,297,5,25A,3094,2025-10-07
8189,297,2,25A,8729,2025-10-23
8190,297,2,25A,18013,2025-10-02
8191,297,4,25A,3614,2025-10-11
8192,297,2,25A,3748,2025-10-25
8193,297,5,25B,4608,2026-02-08
8194,297,2,25B,8552,2026-02-26
8195,297,4,25B,5557,2026-02-18
8196,297,1,25B,4301,2026-02-22
8197,297,4,25B,2292,2026-02-06
8198,297,4,25B,5642,2026-02-08
8199,297,3,25B,2130,2026-02-04
8200,297,5,25B,5742,2026-02-15
8201,298,3,25A,3169,2025-10-14
8202,298,1,25A,4444,2025-10-20
8203,298,1,25A,1299,2025-10-04
8204,298,3,25A,8300,2025-10-17
8205,298,1,25A,759,2025-10-05
8206,298,2,25A,8689,2025-10-16
8207,298,4,25A,8885,2025-10-21
8208,298,3,25A,5196,2025-10-23
8209,298,3,25B,5751,2026-02-09
8210,298,1,25B,3526,2026-02-19
8211,298,1,25B,9829,2026-02-15
8212,298,1,25B,3383,2026-02-18
8213,298,2,25B,3166,2026-02-16
8214,298,3,25B,4502,2026-02-15
8215,298,2,25B,2187,2026-02-17
8216,299,4,25A,5009,2025-10-06
8217,299,3,25A,18904,2025-10-03
8218,299,4,25A,6967,2025-10-03
8219,299,4,25A,8908,2025-10-15
8220,299,4,25A,2380,2025-10-23
8221,299,1,25A,5260,2025-10-24
8222,299,4,25B,2218,2026-02-17
8223,299,2,25B,6106,2026-02-01
8224,299,5,25B,8589,2026-02-09
8225,299,2,25B,4246,2026-02-08
8226,300,3,25A,688,2025-10-14
8227,300,2,25A,5878,2025-10-16
8228,300,3,25A,18625,2025-10-11
8229,300,1,25A,3564,2025-10-03
8230,300,3,25A,1196,2025-10-16
8231,300,1,25A,7304,2025-10-14
8232,300,3,25A,2582,2025-10-26
8233,300,1,25B,3474,2026-02-10
8234,300,5,25B,4189,2026-02-10
8235,300,1,25B,4850,2026-02-23
8236,300,3,25B,6866,2026-02-11
8237,301,3,25A,5499,2025-10-13
8238,301,5,25A,3259,2025-10-06
8239,301,5,25A,4298,2025-10-16
8240,301,5,25A,8244,2025-10-11
8241,301,1,25A,2924,2025-10-25
8242,301,5,25A,2239,2025-10-18
8243,301,5,25A,3532,2025-10-19
8244,301,2,25B,2033,2026-02-13
8245,301,4,25B,3401,2026-02-15
8246,301,3,25B,5141,2026-02-12
8247,301,2,25B,8488,2026-02-26
8248,301,4,25B,6945,2026-02-12
8249,301,5,25B,3942,2026-02-05
8250,301,1,25B,5491,2026-02-15
8251,301,3,25B,6418,2026-02-21
8252,302,1,25A,4180,2025-10-21
8253,302,1,25A,7220,2025-10-14
8254,302,2,25A,3872,2025-10-25
8255,302,3,25B,5754,2026-02-22
8256,302,3,25B,7509,2026-02-22
8257,302,1,25B,1929,2026-02-07
8258,302,5,25B,1681,2026-02-21
8259,302,5,25B,7641,2026-02-03
8260,303,2,25A,6759,2025-10-07
8261,303,3,25A,8693,2025-10-19
8262,303,2,25A,6073,2025-10-26
8263,303,4,25A,6746,2025-10-25
8264,303,3,25A,2770,2025-10-22
8265,303,2,25A,8896,2025-10-10
8266,303,4,25A,3539,2025-10-18
8267,303,4,25A,3160,2025-10-10
8268,303,5,25B,8859,2026-02-22
8269,303,5,25B,7253,2026-02-08
8270,303,5,25B,8929,2026-02-14
8271,303,1,25B,3909,2026-02-20
8272,303,3,25B,2569,2026-02-17
8273,303,4,25B,7162,2026-02-12
8274,304,3,25A,4798,2025-10-18
8275,304,4,25A,666,2025-10-09
8276,304,2,25A,8440,2025-10-15
8277,304,4,25A,8369,2025-10-26
8278,304,1,25B,3293,2026-02-14
8279,304,3,25B,4832,2026-02-13
8280,304,3,25B,7659,2026-02-18
8281,304,3,25B,3314,2026-02-17
8282,304,2,25B,3450,2026-02-23
8283,304,5,25B,4445,2026-02-16
8284,304,2,25B,8533,2026-02-17
8285,304,3,25B,7158,2026-02-17
8286,305,5,25A,3993,2025-10-16
8287,305,3,25A,4884,2025-10-17
8288,305,4,25A,5664,2025-10-20
8289,305,4,25A,5154,2025-10-15
8290,305,3,25B,1279,2026-02-20
8291,305,3,25B,1907,2026-02-06
8292,305,1,25B,7253,2026-02-12
8293,305,2,25B,3236,2026-02-06
8294,305,3,25B,6710,2026-02-06
8295,306,2,25A,2572,2025-10-21
8296,306,1,25A,5295,2025-10-23
8297,306,4,25A,2726,2025-10-23
8298,306,3,25A,2212,2025-10-10
8299,306,2,25A,4540,2025-10-12
8300,306,3,25A,5575,2025-10-22
8301,306,2,25A,2999,2025-10-01
8302,306,4,25A,966,2025-10-24
8303,306,5,25B,5142,2026-02-13
8304,306,5,25B,7591,2026-02-09
8305,306,3,25B,8012,2026-02-06
8306,307,4,25A,6212,2025-10-12
8307,307,1,25A,8751,2025-10-05
8308,307,1,25A,4728,2025-10-11
8309,307,5,25A,2039,2025-10-10
8310,307,3,25A,5508,2025-10-08
8311,307,3,25A,17262,2025-10-19
8312,307,1,25A,3010,2025-10-17
8313,307,4,25A,6918,2025-10-23
8314,307,4,25B,8715,2026-02-12
8315,307,5,25B,1137,2026-02-11
8316,307,1,25B,5642,2026-02-16
8317,307,4,25B,693,2026-02-24
8318,307,5,25B,1391,2026-02-16
8319,308,3,25A,5881,2025-10-05
8320,308,5,25A,696,2025-10-23
8321,308,5,25A,7611,2025-10-25
8322,308,1,25A,1767,2025-10-24
8323,308,3,25A,8756,2025-10-02
8324,308,4,25B,6316,2026-02-18
8325,308,3,25B,6120,2026-02-20
8326,308,5,25B,8143,2026-02-06
8327,308,4,25B,3781,2026-02-02
8328,308,5,25B,1305,2026-02-21
8329,308,1,25B,8349,2026-02-19
8330,309,1,25A,4627,2025-10-04
8331,309,4,25A,15449,2025-10-26
8332,309,5,25A,6545,2025-10-24
8333,309,5,25A,3428,2025-10-16
8334,309,1,25A,8255,2025-10-14
8335,309,1,25A,2842,2025-10-09
8336,309,3,25A,2719,2025-10-25
8337,309,5,25B,10830,2026-02-14
8338,309,3,25B,4383,2026-02-22
8339,309,2,25B,7763,2026-02-07
8340,309,5,25B,3216,2026-02-26
8341,309,5,25B,2939,2026-02-07
8342,309,2,25B,1465,2026-02-01
8343,309,4,25B,18487,2026-02-17
8344,309,5,25B,6339,2026-02-17
8345,310,2,25A,5803,2025-10-08
8346,310,4,25A,5785,2025-10-25
8347,310,2,25A,6721,2025-10-16
8348,310,3,25A,8606,2025-10-21
8349,310,1,25A,1144,2025-10-19
8350,310,5,25A,8402,2025-10-12
8351,310,3,25B,7652,2026-02-18
8352,310,4,25B,4103,2026-02-19
8353,310,1,25B,8828,2026-02-25
8354,310,2,25B,17353,2026-02-03
8355,310,2,25B,4313,2026-02-18
8356,310,2,25B,1684,2026-02-12
8357,310,5,25B,1263,2026-02-18
8358,311,5,25A,7903,2025-10-06
8359,311,2,25A,5064,2025-10-20
8360,311,5,25A,3023,2025-10-10
8361,311,3,25A,1810,2025-10-23
8362,311,4,25B,6997,2026-02-05
8363,311,5,25B,7641,2026-02-24
8364,311,1,25B,3264,2026-02-23
8365,311,2,25B,1818,2026-02-02
8366,312,3,25A,6221,2025-10-03
8367,312,5,25A,3390,2025-10-22
8368,312,1,25A,16355,2025-10-13
8369,312,1,25A,1444,2025-10-12
8370,312,3,25A,7895,2025-10-15
8371,312,3,25B,8455,2026-02-13
8372,312,1,25B,7031,2026-02-12
8373,312,5,25B,7144,2026-02-07
8374,313,5,25A,1542,2025-10-18
8375,313,1,25A,4389,2025-10-09
8376,313,4,25A,2154,2025-10-19
8377,313,4,25A,3402,2025-10-23
8378,313,4,25A,6830,2025-10-12
8379,313,4,25A,2428,2025-10-21
8380,313,5,25A,4841,2025-10-15
8381,313,3,25B,5805,2026-02-25
8382,313,2,25B,5703,2026-02-05
8383,313,2,25B,1102,2026-02-08
8384,313,1,25B,1732,2026-02-15
8385,314,4,25A,2209,2025-10-19
8386,314,4,25A,7583,2025-10-07
8387,314,5,25A,5275,2025-10-18
8388,314,3,25A,7855,2025-10-02
8389,314,5,25B,8821,2026-02-22
8390,314,4,25B,19926,2026-02-02
8391,314,2,25B,6750,2026-02-07
8392,314,4,25B,14867,2026-02-03
8393,314,3,25B,10925,2026-02-13
8394,314,2,25B,7029,2026-02-03
8395,315,3,25A,6119,2025-10-23
8396,315,5,25A,19236,2025-10-11
8397,315,4,25A,918,2025-10-21
8398,315,5,25A,5619,2025-10-24
8399,315,4,25A,5763,2025-10-21
8400,315,1,25A,3191,2025-10-16
8401,315,3,25A,5155,2025-10-19
8402,315,3,25B,991,2026-02-19
8403,315,3,25B,3286,2026-02-20
8404,315,1,25B,2885,2026-02-22
8405,315,3,25B,3845,2026-02-22
8406,316,2,25A,5656,2025-10-26
8407,316,4,25A,6005,2025-10-08
8408,316,3,25A,4019,2025-10-10
8409,316,1,25A,2687,2025-10-17
8410,316,1,25A,2603,2025-10-01
8411,316,4,25A,4084,2025-10-05
8412,316,1,25A,11510,2025-10-20
8413,316,4,25A,7209,2025-10-05
8414,316,1,25B,4211,2026-02-15
8415,316,1,25B,3698,2026-02-20
8416,316,3,25B,12126,2026-02-26
8417,316,3,25B,6677,2026-02-21
8418,316,4,25B,7465,2026-02-03
8419,317,2,25A,814,2025-10-09
8420,317,4,25A,7834,2025-10-24
8421,317,3,25A,2124,2025-10-06
8422,317,5,25A,3151,2025-10-07
8423,317,3,25A,4745,2025-10-24
8424,317,1,25B,2064,2026-02-08
8425,317,4,25B,16768,2026-02-19
8426,317,2,25B,6226,2026-02-12
8427,317,2,25B,5537,2026-02-23
8428,317,1,25B,673,2026-02-19
8429,317,2,25B,7507,2026-02-02
8430,317,4,25B,3444,2026-02-25
8431,318,3,25A,1213,2025-10-23
8432,318,5,25A,3360,2025-10-08
8433,318,3,25A,7659,2025-10-22
8434,318,1,25A,8396,2025-10-05
8435,318,3,25A,7061,2025-10-17
8436,318,2,25A,5928,2025-10-09
8437,318,3,25B,3292,2026-02-21
8438,318,4,25B,8183,2026-02-16
8439,318,2,25B,4946,2026-02-01
8440,319,5,25A,7737,2025-10-21
8441,319,5,25A,17286,2025-10-25
8442,319,3,25A,2434,2025-10-04
8443,319,3,25A,7464,2025-10-05
8444,319,4,25A,5772,2025-10-15
8445,319,1,25A,5844,2025-10-15
8446,319,1,25B,8586,2026-02-09
8447,319,5,25B,8400,2026-02-06
8448,319,4,25B,2240,2026-02-04
8449,320,3,25A,2241,2025-10-02
8450,320,4,25A,6238,2025-10-13
8451,320,3,25A,957,2025-10-06
8452,320,5,25A,5643,2025-10-15
8453,320,1,25B,2629,2026-02-02
8454,320,2,25B,7887,2026-02-25
8455,320,1,25B,7648,2026-02-17
8456,320,2,25B,4869,2026-02-09
8457,320,4,25B,3169,2026-02-08
8458,320,3,25B,4618,2026-02-17
8459,320,3,25B,6891,2026-02-20
8460,320,4,25B,14616,2026-02-07
