request_id,district,sector,site_name,farmer_name,fertilizer_type,quantity_bags,price_per_bag,total_amount,request_date,delivery_status
1007,Nyagatare,Sector 1,Sector 1 Site,Farmer_1007,DAP,59,35,2065,2026-07-18,Delivered
1011,Nyanza,Sector 10,Sector 10 Site,Farmer_1011,DAP,57,35,1995,2026-07-09,Pending
1023,Rwamagana,Sector 4,Sector 4 Site,Farmer_1023,DAP,7,35,245,2026-07-09,Pending
1034,Rusizi,Sector 8,Sector 8 Site,Farmer_1034,DAP,28,35,980,2026-07-08,Booked
1036,Kirehe,Sector 10,Sector 10 Site,Farmer_1036,DAP,44,35,1540,2026-07-28,Booked
1038,Nyagatare,Sector 11,Sector 11 Site,Farmer_1038,DAP,49,35,1715,2026-07-06,Booked
1039,Rulindo,Sector 8,Sector 8 Site,Farmer_1039,DAP,7,35,245,2026-07-06,Delivered
1048,Kicukiro,Sector 4,Sector 4 Site,Farmer_1048,DAP,27,35,945,2026-07-27,Booked
1054,Gakenke,Sector 6,Sector 6 Site,Farmer_1054,DAP,46,35,1610,2026-07-11,Booked
1064,Nyagatare,Sector 4,Sector 4 Site,Farmer_1064,DAP,58,35,2030,2026-07-01,Booked
1066,Nyaruguru,Sector 11,Sector 11 Site,Farmer_1066,DAP,60,35,2100,2026-07-13,Pending
1069,Karongi,Sector 12,Sector 12 Site,Farmer_1069,DAP,7,35,245,2026-07-03,Delivered
1071,Ngororero,Sector 11,Sector 11 Site,Farmer_1071,DAP,13,35,455,2026-07-28,Booked
1072,Huye,Sector 7,Sector 7 Site,Farmer_1072,DAP,52,35,1820,2026-07-21,Pending
1079,Musanze,Sector 7,Sector 7 Site,Farmer_1079,DAP,52,35,1820,2026-07-01,Delivered
1081,Karongi,Sector 1,Sector 1 Site,Farmer_1081,DAP,16,35,560,2026-07-02,Pending
1092,Ngororero,Sector 10,Sector 10 Site,Farmer_1092,DAP,18,35,630,2026-07-16,Delivered
1093,Rubavu,Sector 9,Sector 9 Site,Farmer_1093,DAP,57,35,1995,2026-07-19,Pending
1098,Nyagatare,Sector 11,Sector 11 Site,Farmer_1098,DAP,46,35,1610,2026-07-22,Booked
1099,Rwamagana,Sector 1,Sector 1 Site,Farmer_1099,DAP,16,35,560,2026-07-30,Pending
1100,Ngororero,Sector 3,Sector 3 Site,Farmer_1100,DAP,60,35,2100,2026-07-24,Pending
1101,Kicukiro,Sector 9,Sector 9 Site,Farmer_1101,DAP,37,35,1295,2026-07-16,Pending
1108,Nyaruguru,Sector 4,Sector 4 Site,Farmer_1108,DAP,17,35,595,2026-07-25,Pending
1110,Rutsiro,Sector 1,Sector 1 Site,Farmer_1110,DAP,16,35,560,2026-07-29,Booked
1111,Bugesera,Sector 1,Sector 1 Site,Farmer_1111,DAP,18,35,630,2026-07-05,Booked
1121,Gisagara,Sector 4,Sector 4 Site,Farmer_1121,DAP,29,35,1015,2026-07-11,Delivered
1124,Rulindo,Sector 4,Sector 4 Site,Farmer_1124,DAP,9,35,315,2026-07-16,Booked
1129,Muhanga,Sector 8,Sector 8 Site,Farmer_1129,DAP,32,35,1120,2026-07-07,Booked
1135,Nyagatare,Sector 4,Sector 4 Site,Farmer_1135,DAP,49,35,1715,2026-07-13,Delivered
1141,Nyarugenge,Sector 2,Sector 2 Site,Farmer_1141,DAP,21,35,735,2026-07-24,Pending
1144,Ngororero,Sector 10,Sector 10 Site,Farmer_1144,DAP,29,35,1015,2026-07-14,Booked
1145,Ruhango,Sector 7,Sector 7 Site,Farmer_1145,DAP,31,35,1085,2026-07-06,Delivered
1155,Karongi,Sector 11,Sector 11 Site,Farmer_1155,DAP,33,35,1155,2026-07-21,Delivered
1165,Muhanga,Sector 9,Sector 9 Site,Farmer_1165,DAP,12,35,420,2026-07-13,Pending
1174,Gicumbi,Sector 12,Sector 12 Site,Farmer_1174,DAP,48,35,1680,2026-07-13,Booked
1175,Rwamagana,Sector 3,Sector 3 Site,Farmer_1175,DAP,24,35,840,2026-07-16,Pending
1179,Kayonza,Sector 2,Sector 2 Site,Farmer_1179,DAP,50,35,1750,2026-07-28,Pending
1183,Gatsibo,Sector 1,Sector 1 Site,Farmer_1183,DAP,9,35,315,2026-07-27,Delivered
1185,Bugesera,Sector 4,Sector 4 Site,Farmer_1185,DAP,24,35,840,2026-07-27,Booked
1189,Karongi,Sector 11,Sector 11 Site,Farmer_1189,DAP,54,35,1890,2026-07-13,Delivered
1191,Nyamasheke,Sector 9,Sector 9 Site,Farmer_1191,DAP,28,35,980,2026-07-24,Delivered
1194,Rusizi,Sector 1,Sector 1 Site,Farmer_1194,DAP,52,35,1820,2026-07-01,Delivered
1202,Kicukiro,Sector 4,Sector 4 Site,Farmer_1202,DAP,23,35,805,2026-07-08,Pending
1207,Rwamagana,Sector 9,Sector 9 Site,Farmer_1207,DAP,6,35,210,2026-07-23,Delivered
1211,Kamonyi,Sector 7,Sector 7 Site,Farmer_1211,DAP,37,35,1295,2026-07-27,Delivered
1218,Karongi,Sector 7,Sector 7 Site,Farmer_1218,DAP,16,35,560,2026-07-17,Pending
1221,Rulindo,Sector 5,Sector 5 Site,Farmer_1221,DAP,42,35,1470,2026-07-03,Pending
1223,Gatsibo,Sector 12,Sector 12 Site,Farmer_1223,DAP,59,35,2065,2026-07-17,Delivered
1225,Kamonyi,Sector 2,Sector 2 Site,Farmer_1225,DAP,5,35,175,2026-07-06,Delivered
1228,Rubavu,Sector 6,Sector 6 Site,Farmer_1228,DAP,36,35,1260,2026-07-11,Delivered
1231,Huye,Sector 1,Sector 1 Site,Farmer_1231,DAP,33,35,1155,2026-07-01,Booked
1234,Ruhango,Sector 12,Sector 12 Site,Farmer_1234,DAP,40,35,1400,2026-07-03,Pending
1235,Ngoma,Sector 6,Sector 6 Site,Farmer_1235,DAP,51,35,1785,2026-07-10,Pending
1237,Rubavu,Sector 5,Sector 5 Site,Farmer_1237,DAP,18,35,630,2026-07-27,Booked
1240,Burera,Sector 6,Sector 6 Site,Farmer_1240,DAP,27,35,945,2026-07-04,Delivered
1242,Ngoma,Sector 1,Sector 1 Site,Farmer_1242,DAP,53,35,1855,2026-07-16,Delivered
1244,Nyagatare,Sector 9,Sector 9 Site,Farmer_1244,DAP,16,35,560,2026-07-01,Pending
1248,Rwamagana,Sector 3,Sector 3 Site,Farmer_1248,DAP,29,35,1015,2026-07-21,Booked
1250,Musanze,Sector 12,Sector 12 Site,Farmer_1250,DAP,54,35,1890,2026-07-27,Pending
1251,Kicukiro,Sector 10,Sector 10 Site,Farmer_1251,DAP,42,35,1470,2026-07-14,Delivered
1255,Gicumbi,Sector 11,Sector 11 Site,Farmer_1255,DAP,38,35,1330,2026-07-31,Delivered
1257,Gasabo,Sector 4,Sector 4 Site,Farmer_1257,DAP,9,35,315,2026-07-02,Pending
1263,Gatsibo,Sector 12,Sector 12 Site,Farmer_1263,DAP,57,35,1995,2026-07-16,Pending
1266,Huye,Sector 11,Sector 11 Site,Farmer_1266,DAP,43,35,1505,2026-07-23,Pending
1268,Rwamagana,Sector 8,Sector 8 Site,Farmer_1268,DAP,53,35,1855,2026-07-18,Delivered
1272,Nyamasheke,Sector 4,Sector 4 Site,Farmer_1272,DAP,53,35,1855,2026-07-31,Pending
1275,Ngoma,Sector 2,Sector 2 Site,Farmer_1275,DAP,27,35,945,2026-07-17,Delivered
1280,Rubavu,Sector 5,Sector 5 Site,Farmer_1280,DAP,58,35,2030,2026-07-15,Booked
1286,Ngoma,Sector 11,Sector 11 Site,Farmer_1286,DAP,54,35,1890,2026-07-30,Booked
1287,Ngororero,Sector 2,Sector 2 Site,Farmer_1287,DAP,38,35,1330,2026-07-18,Booked
1290,Ngororero,Sector 12,Sector 12 Site,Farmer_1290,DAP,49,35,1715,2026-07-25,Delivered
1291,Gakenke,Sector 2,Sector 2 Site,Farmer_1291,DAP,10,35,350,2026-07-03,Booked
1294,Nyarugenge,Sector 9,Sector 9 Site,Farmer_1294,DAP,27,35,945,2026-07-28,Booked
1297,Rusizi,Sector 5,Sector 5 Site,Farmer_1297,DAP,25,35,875,2026-07-28,Delivered
1298,Ruhango,Sector 12,Sector 12 Site,Farmer_1298,DAP,42,35,1470,2026-07-08,Pending
1301,Gatsibo,Sector 8,Sector 8 Site,Farmer_1301,DAP,21,35,735,2026-07-27,Delivered
1303,Rwamagana,Sector 3,Sector 3 Site,Farmer_1303,DAP,20,35,700,2026-07-27,Booked
1309,Musanze,Sector 10,Sector 10 Site,Farmer_1309,DAP,28,35,980,2026-07-23,Pending
1313,Nyabihu,Sector 11,Sector 11 Site,Farmer_1313,DAP,31,35,1085,2026-07-31,Pending
1315,Nyanza,Sector 12,Sector 12 Site,Farmer_1315,DAP,34,35,1190,2026-07-17,Pending
1320,Kicukiro,Sector 7,Sector 7 Site,Farmer_1320,DAP,52,35,1820,2026-07-24,Booked
1321,Kayonza,Sector 8,Sector 8 Site,Farmer_1321,DAP,51,35,1785,2026-07-15,Delivered
1323,Gakenke,Sector 12,Sector 12 Site,Farmer_1323,DAP,60,35,2100,2026-07-06,Booked
1324,Nyanza,Sector 4,Sector 4 Site,Farmer_1324,DAP,36,35,1260,2026-07-05,Pending
1333,Huye,Sector 2,Sector 2 Site,Farmer_1333,DAP,31,35,1085,2026-07-05,Booked
1335,Muhanga,Sector 4,Sector 4 Site,Farmer_1335,DAP,17,35,595,2026-07-29,Delivered
1342,Nyabihu,Sector 5,Sector 5 Site,Farmer_1342,DAP,43,35,1505,2026-07-10,Pending
1346,Rulindo,Sector 8,Sector 8 Site,Farmer_1346,DAP,9,35,315,2026-07-13,Booked
1353,Musanze,Sector 5,Sector 5 Site,Farmer_1353,DAP,14,35,490,2026-07-15,Pending
1362,Rutsiro,Sector 1,Sector 1 Site,Farmer_1362,DAP,17,35,595,2026-07-24,Pending
1363,Gasabo,Sector 12,Sector 12 Site,Farmer_1363,DAP,7,35,245,2026-07-13,Booked
1364,Gatsibo,Sector 2,Sector 2 Site,Farmer_1364,DAP,35,35,1225,2026-07-22,Pending
1367,Muhanga,Sector 10,Sector 10 Site,Farmer_1367,DAP,26,35,910,2026-07-28,Booked
1370,Gisagara,Sector 7,Sector 7 Site,Farmer_1370,DAP,47,35,1645,2026-07-13,Booked
1374,Gicumbi,Sector 7,Sector 7 Site,Farmer_1374,DAP,8,35,280,2026-07-28,Booked
1375,Rulindo,Sector 6,Sector 6 Site,Farmer_1375,DAP,36,35,1260,2026-07-26,Booked
1385,Kamonyi,Sector 5,Sector 5 Site,Farmer_1385,DAP,51,35,1785,2026-07-07,Booked
1388,Muhanga,Sector 12,Sector 12 Site,Farmer_1388,DAP,52,35,1820,2026-07-24,Booked
1393,Burera,Sector 6,Sector 6 Site,Farmer_1393,DAP,37,35,1295,2026-07-05,Delivered
1394,Kirehe,Sector 4,Sector 4 Site,Farmer_1394,DAP,54,35,1890,2026-07-17,Pending
1403,Rubavu,Sector 5,Sector 5 Site,Farmer_1403,DAP,26,35,910,2026-07-05,Pending
1404,Ruhango,Sector 9,Sector 9 Site,Farmer_1404,DAP,42,35,1470,2026-07-27,Delivered
1406,Nyaruguru,Sector 7,Sector 7 Site,Farmer_1406,DAP,57,35,1995,2026-07-30,Booked
1419,Huye,Sector 6,Sector 6 Site,Farmer_1419,DAP,5,35,175,2026-07-26,Delivered
1436,Musanze,Sector 7,Sector 7 Site,Farmer_1436,DAP,15,35,525,2026-07-24,Pending
1442,Kayonza,Sector 4,Sector 4 Site,Farmer_1442,DAP,60,35,2100,2026-07-06,Delivered
1445,Nyagatare,Sector 9,Sector 9 Site,Farmer_1445,DAP,35,35,1225,2026-07-31,Booked
1449,Gasabo,Sector 3,Sector 3 Site,Farmer_1449,DAP,56,35,1960,2026-07-09,Pending
1454,Nyamasheke,Sector 2,Sector 2 Site,Farmer_1454,DAP,28,35,980,2026-07-27,Booked
1459,Kamonyi,Sector 12,Sector 12 Site,Farmer_1459,DAP,30,35,1050,2026-07-25,Delivered
1461,Kamonyi,Sector 1,Sector 1 Site,Farmer_1461,DAP,13,35,455,2026-07-26,Delivered
1462,Gisagara,Sector 3,Sector 3 Site,Farmer_1462,DAP,51,35,1785,2026-07-18,Booked
1464,Rwamagana,Sector 2,Sector 2 Site,Farmer_1464,DAP,19,35,665,2026-07-28,Pending
1466,Gicumbi,Sector 8,Sector 8 Site,Farmer_1466,DAP,26,35,910,2026-07-20,Booked
1481,Kicukiro,Sector 2,Sector 2 Site,Farmer_1481,DAP,50,35,1750,2026-07-11,Delivered
1485,Ngoma,Sector 11,Sector 11 Site,Farmer_1485,DAP,34,35,1190,2026-07-22,Booked
1487,Kirehe,Sector 8,Sector 8 Site,Farmer_1487,DAP,17,35,595,2026-07-11,Pending
1488,Bugesera,Sector 5,Sector 5 Site,Farmer_1488,DAP,15,35,525,2026-07-15,Delivered
1493,Rutsiro,Sector 2,Sector 2 Site,Farmer_1493,DAP,11,35,385,2026-07-08,Delivered
1501,Gasabo,Sector 9,Sector 9 Site,Farmer_1501,DAP,11,35,385,2026-07-27,Booked
1504,Musanze,Sector 2,Sector 2 Site,Farmer_1504,DAP,42,35,1470,2026-07-03,Delivered
1507,Gatsibo,Sector 8,Sector 8 Site,Farmer_1507,DAP,36,35,1260,2026-07-26,Booked
1510,Kicukiro,Sector 1,Sector 1 Site,Farmer_1510,DAP,14,35,490,2026-07-04,Pending
1516,Ngororero,Sector 12,Sector 12 Site,Farmer_1516,DAP,32,35,1120,2026-07-22,Booked
1517,Huye,Sector 6,Sector 6 Site,Farmer_1517,DAP,49,35,1715,2026-07-09,Delivered
1519,Gisagara,Sector 6,Sector 6 Site,Farmer_1519,DAP,50,35,1750,2026-07-01,Pending
1524,Ruhango,Sector 5,Sector 5 Site,Farmer_1524,DAP,26,35,910,2026-07-12,Pending
1526,Ruhango,Sector 5,Sector 5 Site,Farmer_1526,DAP,54,35,1890,2026-07-13,Booked
1527,Gicumbi,Sector 1,Sector 1 Site,Farmer_1527,DAP,14,35,490,2026-07-19,Delivered
1529,Rwamagana,Sector 5,Sector 5 Site,Farmer_1529,DAP,5,35,175,2026-07-29,Delivered
1534,Kamonyi,Sector 1,Sector 1 Site,Farmer_1534,DAP,20,35,700,2026-07-21,Delivered
1537,Kamonyi,Sector 2,Sector 2 Site,Farmer_1537,DAP,46,35,1610,2026-07-25,Booked
1543,Kamonyi,Sector 2,Sector 2 Site,Farmer_1543,DAP,9,35,315,2026-07-16,Delivered
1544,Burera,Sector 10,Sector 10 Site,Farmer_1544,DAP,51,35,1785,2026-07-18,Booked
1545,Karongi,Sector 4,Sector 4 Site,Farmer_1545,DAP,51,35,1785,2026-07-20,Booked
1548,Muhanga,Sector 9,Sector 9 Site,Farmer_1548,DAP,30,35,1050,2026-07-03,Booked
1549,Gakenke,Sector 2,Sector 2 Site,Farmer_1549,DAP,13,35,455,2026-07-07,Booked
1551,Nyagatare,Sector 7,Sector 7 Site,Farmer_1551,DAP,56,35,1960,2026-07-07,Delivered
1556,Musanze,Sector 12,Sector 12 Site,Farmer_1556,DAP,12,35,420,2026-07-04,Booked
1566,Gatsibo,Sector 5,Sector 5 Site,Farmer_1566,DAP,18,35,630,2026-07-03,Pending
1567,Rulindo,Sector 8,Sector 8 Site,Farmer_1567,DAP,60,35,2100,2026-07-02,Delivered
1572,Kamonyi,Sector 2,Sector 2 Site,Farmer_1572,DAP,24,35,840,2026-07-28,Booked
1577,Kamonyi,Sector 12,Sector 12 Site,Farmer_1577,DAP,39,35,1365,2026-07-21,Booked
1581,Nyagatare,Sector 1,Sector 1 Site,Farmer_1581,DAP,45,35,1575,2026-07-01,Booked
1583,Ngororero,Sector 2,Sector 2 Site,Farmer_1583,DAP,41,35,1435,2026-07-07,Pending
1587,Rulindo,Sector 11,Sector 11 Site,Farmer_1587,DAP,9,35,315,2026-07-20,Pending
1594,Rusizi,Sector 11,Sector 11 Site,Farmer_1594,DAP,12,35,420,2026-07-29,Pending
1597,Nyagatare,Sector 8,Sector 8 Site,Farmer_1597,DAP,38,35,1330,2026-07-08,Booked
1605,Rubavu,Sector 12,Sector 12 Site,Farmer_1605,DAP,6,35,210,2026-07-26,Pending
1607,Ngoma,Sector 2,Sector 2 Site,Farmer_1607,DAP,12,35,420,2026-07-27,Pending
1616,Rwamagana,Sector 2,Sector 2 Site,Farmer_1616,DAP,26,35,910,2026-07-19,Pending
1618,Gatsibo,Sector 6,Sector 6 Site,Farmer_1618,DAP,42,35,1470,2026-07-03,Pending
1623,Bugesera,Sector 5,Sector 5 Site,Farmer_1623,DAP,5,35,175,2026-07-23,Booked
1627,Nyabihu,Sector 10,Sector 10 Site,Farmer_1627,DAP,47,35,1645,2026-07-18,Delivered
1629,Musanze,Sector 5,Sector 5 Site,Farmer_1629,DAP,33,35,1155,2026-07-26,Delivered
1631,Nyamasheke,Sector 10,Sector 10 Site,Farmer_1631,DAP,49,35,1715,2026-07-25,Delivered
1638,Ngoma,Sector 11,Sector 11 Site,Farmer_1638,DAP,45,35,1575,2026-07-07,Pending
1641,Ruhango,Sector 5,Sector 5 Site,Farmer_1641,DAP,36,35,1260,2026-07-09,Delivered
1643,Gicumbi,Sector 5,Sector 5 Site,Farmer_1643,DAP,28,35,980,2026-07-11,Pending
1645,Ngoma,Sector 4,Sector 4 Site,Farmer_1645,DAP,7,35,245,2026-07-19,Booked
1648,Rusizi,Sector 9,Sector 9 Site,Farmer_1648,DAP,15,35,525,2026-07-12,Delivered
1651,Huye,Sector 10,Sector 10 Site,Farmer_1651,DAP,45,35,1575,2026-07-30,Pending
1657,Huye,Sector 11,Sector 11 Site,Farmer_1657,DAP,57,35,1995,2026-07-07,Pending
1659,Gatsibo,Sector 8,Sector 8 Site,Farmer_1659,DAP,22,35,770,2026-07-04,Delivered
1660,Karongi,Sector 10,Sector 10 Site,Farmer_1660,DAP,25,35,875,2026-07-05,Delivered
1672,Ruhango,Sector 6,Sector 6 Site,Farmer_1672,DAP,37,35,1295,2026-07-27,Delivered
1675,Karongi,Sector 7,Sector 7 Site,Farmer_1675,DAP,27,35,945,2026-07-25,Pending
1676,Huye,Sector 9,Sector 9 Site,Farmer_1676,DAP,54,35,1890,2026-07-08,Delivered
1679,Musanze,Sector 6,Sector 6 Site,Farmer_1679,DAP,35,35,1225,2026-07-05,Pending
1680,Nyarugenge,Sector 7,Sector 7 Site,Farmer_1680,DAP,20,35,700,2026-07-20,Booked
1684,Gicumbi,Sector 1,Sector 1 Site,Farmer_1684,DAP,10,35,350,2026-07-27,Pending
1691,Gicumbi,Sector 7,Sector 7 Site,Farmer_1691,DAP,33,35,1155,2026-07-17,Pending
1693,Ruhango,Sector 9,Sector 9 Site,Farmer_1693,DAP,44,35,1540,2026-07-07,Delivered
1694,Rutsiro,Sector 2,Sector 2 Site,Farmer_1694,DAP,15,35,525,2026-07-12,Booked
1698,Nyaruguru,Sector 4,Sector 4 Site,Farmer_1698,DAP,57,35,1995,2026-07-19,Delivered
1701,Rulindo,Sector 3,Sector 3 Site,Farmer_1701,DAP,27,35,945,2026-07-16,Delivered
1702,Gisagara,Sector 2,Sector 2 Site,Farmer_1702,DAP,28,35,980,2026-07-20,Pending
1705,Kamonyi,Sector 12,Sector 12 Site,Farmer_1705,DAP,25,35,875,2026-07-28,Delivered
1706,Kamonyi,Sector 5,Sector 5 Site,Farmer_1706,DAP,35,35,1225,2026-07-20,Booked
1714,Karongi,Sector 12,Sector 12 Site,Farmer_1714,DAP,12,35,420,2026-07-12,Pending
1723,Musanze,Sector 3,Sector 3 Site,Farmer_1723,DAP,54,35,1890,2026-07-29,Booked
1724,Huye,Sector 12,Sector 12 Site,Farmer_1724,DAP,26,35,910,2026-07-05,Booked
1726,Rwamagana,Sector 8,Sector 8 Site,Farmer_1726,DAP,7,35,245,2026-07-27,Delivered
1731,Muhanga,Sector 4,Sector 4 Site,Farmer_1731,DAP,56,35,1960,2026-07-25,Pending
1734,Rwamagana,Sector 4,Sector 4 Site,Farmer_1734,DAP,8,35,280,2026-07-24,Delivered
1739,Rusizi,Sector 8,Sector 8 Site,Farmer_1739,DAP,8,35,280,2026-07-19,Booked
1747,Nyanza,Sector 12,Sector 12 Site,Farmer_1747,DAP,60,35,2100,2026-07-04,Pending
1748,Ngororero,Sector 4,Sector 4 Site,Farmer_1748,DAP,18,35,630,2026-07-06,Delivered
1756,Muhanga,Sector 8,Sector 8 Site,Farmer_1756,DAP,52,35,1820,2026-07-05,Pending
1759,Musanze,Sector 10,Sector 10 Site,Farmer_1759,DAP,15,35,525,2026-07-27,Delivered
1761,Kicukiro,Sector 2,Sector 2 Site,Farmer_1761,DAP,6,35,210,2026-07-26,Booked
1765,Ngororero,Sector 12,Sector 12 Site,Farmer_1765,DAP,36,35,1260,2026-07-16,Booked
1767,Kamonyi,Sector 2,Sector 2 Site,Farmer_1767,DAP,56,35,1960,2026-07-10,Booked
1770,Gasabo,Sector 11,Sector 11 Site,Farmer_1770,DAP,30,35,1050,2026-07-30,Pending
1776,Kirehe,Sector 10,Sector 10 Site,Farmer_1776,DAP,19,35,665,2026-07-16,Delivered
1779,Ngoma,Sector 7,Sector 7 Site,Farmer_1779,DAP,22,35,770,2026-07-05,Pending
1781,Nyamasheke,Sector 4,Sector 4 Site,Farmer_1781,DAP,37,35,1295,2026-07-28,Booked
1785,Gatsibo,Sector 12,Sector 12 Site,Farmer_1785,DAP,27,35,945,2026-07-13,Pending
1786,Rubavu,Sector 10,Sector 10 Site,Farmer_1786,DAP,7,35,245,2026-07-10,Pending
1790,Muhanga,Sector 9,Sector 9 Site,Farmer_1790,DAP,54,35,1890,2026-07-28,Booked
1792,Gasabo,Sector 3,Sector 3 Site,Farmer_1792,DAP,43,35,1505,2026-07-05,Booked
1793,Kayonza,Sector 6,Sector 6 Site,Farmer_1793,DAP,8,35,280,2026-07-11,Pending
1810,Rwamagana,Sector 9,Sector 9 Site,Farmer_1810,DAP,37,35,1295,2026-07-04,Pending
1817,Nyagatare,Sector 2,Sector 2 Site,Farmer_1817,DAP,53,35,1855,2026-07-28,Delivered
1818,Kirehe,Sector 4,Sector 4 Site,Farmer_1818,DAP,49,35,1715,2026-07-11,Pending
1822,Karongi,Sector 7,Sector 7 Site,Farmer_1822,DAP,37,35,1295,2026-07-29,Delivered
1823,Ngororero,Sector 2,Sector 2 Site,Farmer_1823,DAP,24,35,840,2026-07-22,Delivered
1827,Rubavu,Sector 7,Sector 7 Site,Farmer_1827,DAP,33,35,1155,2026-07-23,Pending
1829,Nyabihu,Sector 12,Sector 12 Site,Farmer_1829,DAP,46,35,1610,2026-07-21,Booked
1830,Gatsibo,Sector 12,Sector 12 Site,Farmer_1830,DAP,44,35,1540,2026-07-14,Booked
1838,Gatsibo,Sector 10,Sector 10 Site,Farmer_1838,DAP,36,35,1260,2026-07-12,Pending
1839,Rwamagana,Sector 1,Sector 1 Site,Farmer_1839,DAP,13,35,455,2026-07-14,Delivered
1845,Rulindo,Sector 6,Sector 6 Site,Farmer_1845,DAP,28,35,980,2026-07-13,Pending
1855,Gicumbi,Sector 9,Sector 9 Site,Farmer_1855,DAP,6,35,210,2026-07-26,Booked
1863,Rusizi,Sector 9,Sector 9 Site,Farmer_1863,DAP,27,35,945,2026-07-02,Pending
1865,Rubavu,Sector 11,Sector 11 Site,Farmer_1865,DAP,24,35,840,2026-07-18,Delivered
1866,Rutsiro,Sector 12,Sector 12 Site,Farmer_1866,DAP,59,35,2065,2026-07-02,Booked
1868,Nyaruguru,Sector 2,Sector 2 Site,Farmer_1868,DAP,36,35,1260,2026-07-14,Delivered
1870,Ruhango,Sector 9,Sector 9 Site,Farmer_1870,DAP,5,35,175,2026-07-13,Pending
1878,Gisagara,Sector 12,Sector 12 Site,Farmer_1878,DAP,31,35,1085,2026-07-15,Pending
1882,Ruhango,Sector 8,Sector 8 Site,Farmer_1882,DAP,5,35,175,2026-07-18,Delivered
1883,Nyabihu,Sector 8,Sector 8 Site,Farmer_1883,DAP,24,35,840,2026-07-27,Pending
1889,Nyamasheke,Sector 6,Sector 6 Site,Farmer_1889,DAP,7,35,245,2026-07-20,Pending
1890,Nyagatare,Sector 1,Sector 1 Site,Farmer_1890,DAP,38,35,1330,2026-07-11,Booked
1893,Rwamagana,Sector 12,Sector 12 Site,Farmer_1893,DAP,39,35,1365,2026-07-10,Pending
1908,Rwamagana,Sector 6,Sector 6 Site,Farmer_1908,DAP,32,35,1120,2026-07-02,Delivered
1911,Nyagatare,Sector 10,Sector 10 Site,Farmer_1911,DAP,53,35,1855,2026-07-27,Delivered
1914,Muhanga,Sector 5,Sector 5 Site,Farmer_1914,DAP,46,35,1610,2026-07-01,Delivered
1919,Rwamagana,Sector 2,Sector 2 Site,Farmer_1919,DAP,55,35,1925,2026-07-24,Delivered
1921,Rutsiro,Sector 1,Sector 1 Site,Farmer_1921,DAP,19,35,665,2026-07-24,Pending
1924,Gatsibo,Sector 5,Sector 5 Site,Farmer_1924,DAP,35,35,1225,2026-07-12,Delivered
1932,Nyamasheke,Sector 11,Sector 11 Site,Farmer_1932,DAP,28,35,980,2026-07-23,Pending
1935,Burera,Sector 9,Sector 9 Site,Farmer_1935,DAP,44,35,1540,2026-07-22,Delivered
1942,Rutsiro,Sector 6,Sector 6 Site,Farmer_1942,DAP,6,35,210,2026-07-09,Pending
1950,Gisagara,Sector 12,Sector 12 Site,Farmer_1950,DAP,48,35,1680,2026-07-03,Delivered
1954,Nyarugenge,Sector 7,Sector 7 Site,Farmer_1954,DAP,11,35,385,2026-07-23,Delivered
1958,Kicukiro,Sector 1,Sector 1 Site,Farmer_1958,DAP,44,35,1540,2026-07-18,Pending
1973,Musanze,Sector 4,Sector 4 Site,Farmer_1973,DAP,52,35,1820,2026-07-30,Delivered
1982,Nyabihu,Sector 9,Sector 9 Site,Farmer_1982,DAP,13,35,455,2026-07-19,Pending
1989,Kicukiro,Sector 10,Sector 10 Site,Farmer_1989,DAP,30,35,1050,2026-07-24,Pending
1993,Kayonza,Sector 6,Sector 6 Site,Farmer_1993,DAP,56,35,1960,2026-07-06,Delivered
1994,Nyarugenge,Sector 7,Sector 7 Site,Farmer_1994,DAP,39,35,1365,2026-07-05,Delivered
1998,Gasabo,Sector 4,Sector 4 Site,Farmer_1998,DAP,28,35,980,2026-07-01,Pending
1004,Rulindo,Sector 6,Sector 6 Site,Farmer_1004,NPK,30,32.5,975,2026-07-19,Booked
1010,Gicumbi,Sector 7,Sector 7 Site,Farmer_1010,NPK,54,32.5,1755,2026-07-23,Delivered
1012,Rulindo,Sector 9,Sector 9 Site,Farmer_1012,NPK,14,32.5,455,2026-07-08,Booked
1013,Gisagara,Sector 10,Sector 10 Site,Farmer_1013,NPK,60,32.5,1950,2026-07-04,Booked
1018,Kamonyi,Sector 5,Sector 5 Site,Farmer_1018,NPK,40,32.5,1300,2026-07-09,Booked
1019,Nyabihu,Sector 8,Sector 8 Site,Farmer_1019,NPK,39,32.5,1267.5,2026-07-22,Pending
1022,Musanze,Sector 7,Sector 7 Site,Farmer_1022,NPK,12,32.5,390,2026-07-09,Pending
1027,Rutsiro,Sector 3,Sector 3 Site,Farmer_1027,NPK,52,32.5,1690,2026-07-23,Booked
1030,Gakenke,Sector 4,Sector 4 Site,Farmer_1030,NPK,26,32.5,845,2026-07-24,Delivered
1035,Ngororero,Sector 4,Sector 4 Site,Farmer_1035,NPK,37,32.5,1202.5,2026-07-05,Delivered
1046,Rusizi,Sector 6,Sector 6 Site,Farmer_1046,NPK,6,32.5,195,2026-07-30,Delivered
1047,Bugesera,Sector 9,Sector 9 Site,Farmer_1047,NPK,34,32.5,1105,2026-07-17,Pending
1050,Nyabihu,Sector 7,Sector 7 Site,Farmer_1050,NPK,46,32.5,1495,2026-07-23,Pending
1053,Ruhango,Sector 1,Sector 1 Site,Farmer_1053,NPK,58,32.5,1885,2026-07-10,Delivered
1058,Musanze,Sector 7,Sector 7 Site,Farmer_1058,NPK,37,32.5,1202.5,2026-07-13,Delivered
1068,Nyagatare,Sector 3,Sector 3 Site,Farmer_1068,NPK,19,32.5,617.5,2026-07-15,Booked
1070,Gakenke,Sector 12,Sector 12 Site,Farmer_1070,NPK,10,32.5,325,2026-07-09,Booked
1073,Karongi,Sector 6,Sector 6 Site,Farmer_1073,NPK,24,32.5,780,2026-07-09,Delivered
1074,Musanze,Sector 8,Sector 8 Site,Farmer_1074,NPK,23,32.5,747.5,2026-07-16,Pending
1075,Nyanza,Sector 2,Sector 2 Site,Farmer_1075,NPK,20,32.5,650,2026-07-14,Pending
1076,Burera,Sector 5,Sector 5 Site,Farmer_1076,NPK,56,32.5,1820,2026-07-31,Booked
1087,Kicukiro,Sector 1,Sector 1 Site,Farmer_1087,NPK,58,32.5,1885,2026-07-17,Booked
1090,Nyanza,Sector 7,Sector 7 Site,Farmer_1090,NPK,7,32.5,227.5,2026-07-01,Booked
1102,Nyagatare,Sector 12,Sector 12 Site,Farmer_1102,NPK,47,32.5,1527.5,2026-07-31,Delivered
1104,Rusizi,Sector 4,Sector 4 Site,Farmer_1104,NPK,15,32.5,487.5,2026-07-03,Pending
1107,Burera,Sector 6,Sector 6 Site,Farmer_1107,NPK,7,32.5,227.5,2026-07-25,Pending
1109,Nyarugenge,Sector 3,Sector 3 Site,Farmer_1109,NPK,42,32.5,1365,2026-07-30,Delivered
1114,Gatsibo,Sector 11,Sector 11 Site,Farmer_1114,NPK,60,32.5,1950,2026-07-19,Delivered
1117,Gasabo,Sector 12,Sector 12 Site,Farmer_1117,NPK,42,32.5,1365,2026-07-11,Delivered
1119,Nyagatare,Sector 10,Sector 10 Site,Farmer_1119,NPK,13,32.5,422.5,2026-07-20,Delivered
1120,Karongi,Sector 1,Sector 1 Site,Farmer_1120,NPK,46,32.5,1495,2026-07-31,Booked
1123,Gatsibo,Sector 12,Sector 12 Site,Farmer_1123,NPK,17,32.5,552.5,2026-07-16,Delivered
1126,Gatsibo,Sector 11,Sector 11 Site,Farmer_1126,NPK,60,32.5,1950,2026-07-11,Pending
1132,Nyanza,Sector 1,Sector 1 Site,Farmer_1132,NPK,45,32.5,1462.5,2026-07-17,Pending
1136,Rusizi,Sector 6,Sector 6 Site,Farmer_1136,NPK,16,32.5,520,2026-07-29,Delivered
1137,Nyaruguru,Sector 1,Sector 1 Site,Farmer_1137,NPK,29,32.5,942.5,2026-07-04,Delivered
1138,Kicukiro,Sector 7,Sector 7 Site,Farmer_1138,NPK,26,32.5,845,2026-07-28,Delivered
1139,Rutsiro,Sector 2,Sector 2 Site,Farmer_1139,NPK,37,32.5,1202.5,2026-07-03,Delivered
1142,Bugesera,Sector 11,Sector 11 Site,Farmer_1142,NPK,20,32.5,650,2026-07-01,Pending
1149,Muhanga,Sector 3,Sector 3 Site,Farmer_1149,NPK,58,32.5,1885,2026-07-16,Pending
1153,Rwamagana,Sector 3,Sector 3 Site,Farmer_1153,NPK,26,32.5,845,2026-07-27,Delivered
1154,Musanze,Sector 6,Sector 6 Site,Farmer_1154,NPK,39,32.5,1267.5,2026-07-08,Delivered
1158,Burera,Sector 4,Sector 4 Site,Farmer_1158,NPK,25,32.5,812.5,2026-07-14,Delivered
1159,Ngororero,Sector 3,Sector 3 Site,Farmer_1159,NPK,48,32.5,1560,2026-07-08,Delivered
1160,Kayonza,Sector 11,Sector 11 Site,Farmer_1160,NPK,30,32.5,975,2026-07-24,Pending
1162,Gisagara,Sector 7,Sector 7 Site,Farmer_1162,NPK,23,32.5,747.5,2026-07-21,Delivered
1164,Ruhango,Sector 9,Sector 9 Site,Farmer_1164,NPK,38,32.5,1235,2026-07-27,Pending
1171,Rubavu,Sector 1,Sector 1 Site,Farmer_1171,NPK,8,32.5,260,2026-07-11,Booked
1173,Rubavu,Sector 8,Sector 8 Site,Farmer_1173,NPK,12,32.5,390,2026-07-17,Delivered
1181,Rwamagana,Sector 4,Sector 4 Site,Farmer_1181,NPK,32,32.5,1040,2026-07-17,Delivered
1190,Gisagara,Sector 9,Sector 9 Site,Farmer_1190,NPK,56,32.5,1820,2026-07-20,Booked
1193,Bugesera,Sector 9,Sector 9 Site,Farmer_1193,NPK,51,32.5,1657.5,2026-07-03,Pending
1200,Gisagara,Sector 3,Sector 3 Site,Farmer_1200,NPK,39,32.5,1267.5,2026-07-18,Pending
1203,Rubavu,Sector 4,Sector 4 Site,Farmer_1203,NPK,16,32.5,520,2026-07-07,Booked
1205,Gisagara,Sector 8,Sector 8 Site,Farmer_1205,NPK,60,32.5,1950,2026-07-04,Pending
1214,Rulindo,Sector 5,Sector 5 Site,Farmer_1214,NPK,17,32.5,552.5,2026-07-08,Pending
1217,Gicumbi,Sector 9,Sector 9 Site,Farmer_1217,NPK,7,32.5,227.5,2026-07-22,Delivered
1222,Rulindo,Sector 3,Sector 3 Site,Farmer_1222,NPK,20,32.5,650,2026-07-11,Booked
1236,Kayonza,Sector 2,Sector 2 Site,Farmer_1236,NPK,54,32.5,1755,2026-07-14,Delivered
1252,Nyamasheke,Sector 3,Sector 3 Site,Farmer_1252,NPK,44,32.5,1430,2026-07-26,Delivered
1253,Huye,Sector 7,Sector 7 Site,Farmer_1253,NPK,34,32.5,1105,2026-07-18,Booked
1262,Kirehe,Sector 8,Sector 8 Site,Farmer_1262,NPK,53,32.5,1722.5,2026-07-03,Pending
1267,Nyabihu,Sector 12,Sector 12 Site,Farmer_1267,NPK,31,32.5,1007.5,2026-07-17,Pending
1270,Huye,Sector 6,Sector 6 Site,Farmer_1270,NPK,22,32.5,715,2026-07-12,Booked
1273,Nyagatare,Sector 12,Sector 12 Site,Farmer_1273,NPK,13,32.5,422.5,2026-07-21,Delivered
1282,Ngoma,Sector 1,Sector 1 Site,Farmer_1282,NPK,48,32.5,1560,2026-07-14,Pending
1289,Rusizi,Sector 1,Sector 1 Site,Farmer_1289,NPK,35,32.5,1137.5,2026-07-30,Delivered
1296,Nyanza,Sector 11,Sector 11 Site,Farmer_1296,NPK,30,32.5,975,2026-07-25,Pending
1302,Nyanza,Sector 2,Sector 2 Site,Farmer_1302,NPK,22,32.5,715,2026-07-02,Booked
1308,Rutsiro,Sector 3,Sector 3 Site,Farmer_1308,NPK,15,32.5,487.5,2026-07-21,Booked
1316,Kirehe,Sector 4,Sector 4 Site,Farmer_1316,NPK,54,32.5,1755,2026-07-21,Pending
1318,Gakenke,Sector 4,Sector 4 Site,Farmer_1318,NPK,12,32.5,390,2026-07-18,Booked
1322,Gakenke,Sector 2,Sector 2 Site,Farmer_1322,NPK,9,32.5,292.5,2026-07-24,Pending
1329,Huye,Sector 8,Sector 8 Site,Farmer_1329,NPK,60,32.5,1950,2026-07-08,Booked
1334,Gasabo,Sector 4,Sector 4 Site,Farmer_1334,NPK,21,32.5,682.5,2026-07-12,Booked
1338,Kayonza,Sector 5,Sector 5 Site,Farmer_1338,NPK,23,32.5,747.5,2026-07-12,Pending
1339,Muhanga,Sector 5,Sector 5 Site,Farmer_1339,NPK,27,32.5,877.5,2026-07-08,Pending
1341,Gatsibo,Sector 12,Sector 12 Site,Farmer_1341,NPK,35,32.5,1137.5,2026-07-27,Booked
1345,Kamonyi,Sector 5,Sector 5 Site,Farmer_1345,NPK,39,32.5,1267.5,2026-07-31,Booked
1348,Kamonyi,Sector 12,Sector 12 Site,Farmer_1348,NPK,56,32.5,1820,2026-07-12,Delivered
1351,Rusizi,Sector 8,Sector 8 Site,Farmer_1351,NPK,57,32.5,1852.5,2026-07-12,Delivered
1352,Musanze,Sector 5,Sector 5 Site,Farmer_1352,NPK,38,32.5,1235,2026-07-05,Booked
1356,Kamonyi,Sector 3,Sector 3 Site,Farmer_1356,NPK,29,32.5,942.5,2026-07-10,Pending
1361,Nyaruguru,Sector 6,Sector 6 Site,Farmer_1361,NPK,39,32.5,1267.5,2026-07-22,Booked
1369,Gisagara,Sector 9,Sector 9 Site,Farmer_1369,NPK,13,32.5,422.5,2026-07-16,Booked
1372,Huye,Sector 6,Sector 6 Site,Farmer_1372,NPK,52,32.5,1690,2026-07-09,Pending
1376,Kayonza,Sector 5,Sector 5 Site,Farmer_1376,NPK,16,32.5,520,2026-07-29,Pending
1379,Burera,Sector 12,Sector 12 Site,Farmer_1379,NPK,33,32.5,1072.5,2026-07-29,Booked
1382,Muhanga,Sector 11,Sector 11 Site,Farmer_1382,NPK,7,32.5,227.5,2026-07-22,Delivered
1387,Nyamasheke,Sector 4,Sector 4 Site,Farmer_1387,NPK,11,32.5,357.5,2026-07-10,Delivered
1389,Nyabihu,Sector 12,Sector 12 Site,Farmer_1389,NPK,40,32.5,1300,2026-07-31,Delivered
1392,Kirehe,Sector 3,Sector 3 Site,Farmer_1392,NPK,60,32.5,1950,2026-07-15,Delivered
1397,Karongi,Sector 10,Sector 10 Site,Farmer_1397,NPK,13,32.5,422.5,2026-07-23,Booked
1398,Gisagara,Sector 7,Sector 7 Site,Farmer_1398,NPK,15,32.5,487.5,2026-07-31,Pending
1401,Musanze,Sector 3,Sector 3 Site,Farmer_1401,NPK,18,32.5,585,2026-07-19,Delivered
1424,Burera,Sector 5,Sector 5 Site,Farmer_1424,NPK,11,32.5,357.5,2026-07-15,Pending
1425,Rwamagana,Sector 9,Sector 9 Site,Farmer_1425,NPK,26,32.5,845,2026-07-04,Delivered
1427,Rusizi,Sector 12,Sector 12 Site,Farmer_1427,NPK,36,32.5,1170,2026-07-04,Pending
1429,Kamonyi,Sector 7,Sector 7 Site,Farmer_1429,NPK,54,32.5,1755,2026-07-10,Pending
1430,Nyabihu,Sector 9,Sector 9 Site,Farmer_1430,NPK,55,32.5,1787.5,2026-07-18,Booked
1446,Rubavu,Sector 12,Sector 12 Site,Farmer_1446,NPK,52,32.5,1690,2026-07-06,Delivered
1447,Gasabo,Sector 9,Sector 9 Site,Farmer_1447,NPK,7,32.5,227.5,2026-07-23,Booked
1452,Gakenke,Sector 2,Sector 2 Site,Farmer_1452,NPK,22,32.5,715,2026-07-13,Pending
1458,Kicukiro,Sector 5,Sector 5 Site,Farmer_1458,NPK,54,32.5,1755,2026-07-11,Booked
1460,Rubavu,Sector 1,Sector 1 Site,Farmer_1460,NPK,36,32.5,1170,2026-07-25,Pending
1465,Ngoma,Sector 9,Sector 9 Site,Farmer_1465,NPK,41,32.5,1332.5,2026-07-26,Booked
1470,Karongi,Sector 7,Sector 7 Site,Farmer_1470,NPK,24,32.5,780,2026-07-26,Pending
1473,Nyaruguru,Sector 7,Sector 7 Site,Farmer_1473,NPK,14,32.5,455,2026-07-20,Delivered
1475,Kayonza,Sector 11,Sector 11 Site,Farmer_1475,NPK,7,32.5,227.5,2026-07-05,Booked
1478,Rulindo,Sector 9,Sector 9 Site,Farmer_1478,NPK,49,32.5,1592.5,2026-07-22,Delivered
1479,Kamonyi,Sector 9,Sector 9 Site,Farmer_1479,NPK,22,32.5,715,2026-07-18,Booked
1480,Kicukiro,Sector 11,Sector 11 Site,Farmer_1480,NPK,41,32.5,1332.5,2026-07-23,Booked
1483,Gasabo,Sector 12,Sector 12 Site,Farmer_1483,NPK,9,32.5,292.5,2026-07-10,Pending
1484,Rubavu,Sector 7,Sector 7 Site,Farmer_1484,NPK,10,32.5,325,2026-07-17,Delivered
1492,Ngoma,Sector 8,Sector 8 Site,Farmer_1492,NPK,33,32.5,1072.5,2026-07-07,Pending
1495,Rulindo,Sector 9,Sector 9 Site,Farmer_1495,NPK,14,32.5,455,2026-07-11,Booked
1497,Bugesera,Sector 11,Sector 11 Site,Farmer_1497,NPK,54,32.5,1755,2026-07-08,Delivered
1498,Nyanza,Sector 10,Sector 10 Site,Farmer_1498,NPK,30,32.5,975,2026-07-15,Booked
1502,Nyanza,Sector 4,Sector 4 Site,Farmer_1502,NPK,19,32.5,617.5,2026-07-04,Delivered
1505,Burera,Sector 12,Sector 12 Site,Farmer_1505,NPK,16,32.5,520,2026-07-07,Booked
1506,Nyamasheke,Sector 1,Sector 1 Site,Farmer_1506,NPK,59,32.5,1917.5,2026-07-29,Pending
1508,Kamonyi,Sector 4,Sector 4 Site,Farmer_1508,NPK,55,32.5,1787.5,2026-07-21,Booked
1509,Kicukiro,Sector 12,Sector 12 Site,Farmer_1509,NPK,52,32.5,1690,2026-07-05,Delivered
1512,Nyanza,Sector 12,Sector 12 Site,Farmer_1512,NPK,25,32.5,812.5,2026-07-20,Booked
1520,Karongi,Sector 4,Sector 4 Site,Farmer_1520,NPK,54,32.5,1755,2026-07-21,Pending
1521,Gicumbi,Sector 12,Sector 12 Site,Farmer_1521,NPK,36,32.5,1170,2026-07-28,Booked
1522,Karongi,Sector 11,Sector 11 Site,Farmer_1522,NPK,38,32.5,1235,2026-07-24,Booked
1523,Musanze,Sector 11,Sector 11 Site,Farmer_1523,NPK,13,32.5,422.5,2026-07-01,Pending
1525,Burera,Sector 10,Sector 10 Site,Farmer_1525,NPK,48,32.5,1560,2026-07-10,Booked
1530,Karongi,Sector 3,Sector 3 Site,Farmer_1530,NPK,40,32.5,1300,2026-07-16,Booked
1532,Nyarugenge,Sector 7,Sector 7 Site,Farmer_1532,NPK,24,32.5,780,2026-07-03,Delivered
1533,Kicukiro,Sector 2,Sector 2 Site,Farmer_1533,NPK,9,32.5,292.5,2026-07-03,Pending
1535,Kamonyi,Sector 3,Sector 3 Site,Farmer_1535,NPK,46,32.5,1495,2026-07-03,Booked
1547,Muhanga,Sector 5,Sector 5 Site,Farmer_1547,NPK,5,32.5,162.5,2026-07-26,Pending
1557,Rubavu,Sector 5,Sector 5 Site,Farmer_1557,NPK,19,32.5,617.5,2026-07-21,Pending
1563,Nyagatare,Sector 3,Sector 3 Site,Farmer_1563,NPK,26,32.5,845,2026-07-09,Booked
1564,Nyabihu,Sector 9,Sector 9 Site,Farmer_1564,NPK,60,32.5,1950,2026-07-23,Pending
1568,Bugesera,Sector 8,Sector 8 Site,Farmer_1568,NPK,57,32.5,1852.5,2026-07-14,Pending
1570,Ngororero,Sector 4,Sector 4 Site,Farmer_1570,NPK,18,32.5,585,2026-07-27,Booked
1571,Nyaruguru,Sector 11,Sector 11 Site,Farmer_1571,NPK,27,32.5,877.5,2026-07-17,Delivered
1578,Rusizi,Sector 5,Sector 5 Site,Farmer_1578,NPK,50,32.5,1625,2026-07-19,Delivered
1582,Ngoma,Sector 8,Sector 8 Site,Farmer_1582,NPK,24,32.5,780,2026-07-09,Pending
1584,Rwamagana,Sector 10,Sector 10 Site,Farmer_1584,NPK,46,32.5,1495,2026-07-22,Booked
1586,Rwamagana,Sector 4,Sector 4 Site,Farmer_1586,NPK,56,32.5,1820,2026-07-28,Delivered
1588,Nyaruguru,Sector 3,Sector 3 Site,Farmer_1588,NPK,29,32.5,942.5,2026-07-12,Delivered
1591,Rwamagana,Sector 6,Sector 6 Site,Farmer_1591,NPK,18,32.5,585,2026-07-12,Booked
1593,Nyabihu,Sector 11,Sector 11 Site,Farmer_1593,NPK,55,32.5,1787.5,2026-07-19,Booked
1599,Gatsibo,Sector 3,Sector 3 Site,Farmer_1599,NPK,6,32.5,195,2026-07-21,Booked
1600,Burera,Sector 3,Sector 3 Site,Farmer_1600,NPK,9,32.5,292.5,2026-07-17,Pending
1601,Rusizi,Sector 6,Sector 6 Site,Farmer_1601,NPK,19,32.5,617.5,2026-07-01,Booked
1602,Nyabihu,Sector 3,Sector 3 Site,Farmer_1602,NPK,22,32.5,715,2026-07-14,Booked
1610,Nyagatare,Sector 12,Sector 12 Site,Farmer_1610,NPK,37,32.5,1202.5,2026-07-25,Booked
1614,Gisagara,Sector 8,Sector 8 Site,Farmer_1614,NPK,42,32.5,1365,2026-07-23,Delivered
1620,Gicumbi,Sector 9,Sector 9 Site,Farmer_1620,NPK,51,32.5,1657.5,2026-07-05,Delivered
1632,Rwamagana,Sector 8,Sector 8 Site,Farmer_1632,NPK,10,32.5,325,2026-07-19,Booked
1634,Kamonyi,Sector 12,Sector 12 Site,Farmer_1634,NPK,35,32.5,1137.5,2026-07-15,Delivered
1639,Bugesera,Sector 11,Sector 11 Site,Farmer_1639,NPK,11,32.5,357.5,2026-07-20,Booked
1650,Musanze,Sector 6,Sector 6 Site,Farmer_1650,NPK,34,32.5,1105,2026-07-13,Booked
1654,Nyarugenge,Sector 10,Sector 10 Site,Farmer_1654,NPK,18,32.5,585,2026-07-03,Booked
1661,Nyarugenge,Sector 5,Sector 5 Site,Farmer_1661,NPK,33,32.5,1072.5,2026-07-07,Booked
1663,Karongi,Sector 3,Sector 3 Site,Farmer_1663,NPK,22,32.5,715,2026-07-26,Delivered
1671,Rwamagana,Sector 9,Sector 9 Site,Farmer_1671,NPK,30,32.5,975,2026-07-25,Pending
1686,Kirehe,Sector 6,Sector 6 Site,Farmer_1686,NPK,29,32.5,942.5,2026-07-19,Booked
1688,Rutsiro,Sector 2,Sector 2 Site,Farmer_1688,NPK,18,32.5,585,2026-07-08,Pending
1690,Nyaruguru,Sector 3,Sector 3 Site,Farmer_1690,NPK,29,32.5,942.5,2026-07-29,Pending
1695,Ruhango,Sector 2,Sector 2 Site,Farmer_1695,NPK,10,32.5,325,2026-07-19,Pending
1703,Gakenke,Sector 10,Sector 10 Site,Farmer_1703,NPK,54,32.5,1755,2026-07-06,Booked
1707,Rubavu,Sector 7,Sector 7 Site,Farmer_1707,NPK,11,32.5,357.5,2026-07-29,Pending
1718,Gasabo,Sector 2,Sector 2 Site,Farmer_1718,NPK,41,32.5,1332.5,2026-07-30,Booked
1720,Gatsibo,Sector 10,Sector 10 Site,Farmer_1720,NPK,28,32.5,910,2026-07-19,Delivered
1725,Nyaruguru,Sector 7,Sector 7 Site,Farmer_1725,NPK,17,32.5,552.5,2026-07-08,Pending
1727,Rubavu,Sector 7,Sector 7 Site,Farmer_1727,NPK,7,32.5,227.5,2026-07-29,Delivered
1730,Huye,Sector 5,Sector 5 Site,Farmer_1730,NPK,38,32.5,1235,2026-07-18,Pending
1737,Ruhango,Sector 6,Sector 6 Site,Farmer_1737,NPK,50,32.5,1625,2026-07-09,Pending
1742,Gasabo,Sector 12,Sector 12 Site,Farmer_1742,NPK,48,32.5,1560,2026-07-03,Booked
1743,Rubavu,Sector 9,Sector 9 Site,Farmer_1743,NPK,16,32.5,520,2026-07-10,Delivered
1745,Kirehe,Sector 9,Sector 9 Site,Farmer_1745,NPK,22,32.5,715,2026-07-21,Pending
1751,Gasabo,Sector 3,Sector 3 Site,Farmer_1751,NPK,35,32.5,1137.5,2026-07-19,Booked
1758,Gisagara,Sector 5,Sector 5 Site,Farmer_1758,NPK,9,32.5,292.5,2026-07-19,Delivered
1760,Gasabo,Sector 7,Sector 7 Site,Farmer_1760,NPK,26,32.5,845,2026-07-25,Delivered
1771,Musanze,Sector 7,Sector 7 Site,Farmer_1771,NPK,16,32.5,520,2026-07-09,Delivered
1772,Rutsiro,Sector 12,Sector 12 Site,Farmer_1772,NPK,19,32.5,617.5,2026-07-14,Pending
1777,Kicukiro,Sector 12,Sector 12 Site,Farmer_1777,NPK,49,32.5,1592.5,2026-07-18,Delivered
1778,Kirehe,Sector 7,Sector 7 Site,Farmer_1778,NPK,52,32.5,1690,2026-07-20,Delivered
1782,Gisagara,Sector 7,Sector 7 Site,Farmer_1782,NPK,5,32.5,162.5,2026-07-14,Pending
1784,Karongi,Sector 6,Sector 6 Site,Farmer_1784,NPK,18,32.5,585,2026-07-06,Booked
1791,Rwamagana,Sector 6,Sector 6 Site,Farmer_1791,NPK,53,32.5,1722.5,2026-07-27,Delivered
1794,Rwamagana,Sector 11,Sector 11 Site,Farmer_1794,NPK,16,32.5,520,2026-07-17,Pending
1797,Ngoma,Sector 8,Sector 8 Site,Farmer_1797,NPK,55,32.5,1787.5,2026-07-20,Booked
1798,Nyabihu,Sector 4,Sector 4 Site,Farmer_1798,NPK,38,32.5,1235,2026-07-12,Pending
1809,Gicumbi,Sector 9,Sector 9 Site,Farmer_1809,NPK,35,32.5,1137.5,2026-07-22,Booked
1813,Nyabihu,Sector 7,Sector 7 Site,Farmer_1813,NPK,28,32.5,910,2026-07-31,Delivered
1814,Burera,Sector 12,Sector 12 Site,Farmer_1814,NPK,13,32.5,422.5,2026-07-17,Booked
1821,Karongi,Sector 5,Sector 5 Site,Farmer_1821,NPK,43,32.5,1397.5,2026-07-23,Delivered
1825,Nyaruguru,Sector 2,Sector 2 Site,Farmer_1825,NPK,48,32.5,1560,2026-07-14,Delivered
1826,Gasabo,Sector 1,Sector 1 Site,Farmer_1826,NPK,43,32.5,1397.5,2026-07-28,Delivered
1828,Rulindo,Sector 3,Sector 3 Site,Farmer_1828,NPK,12,32.5,390,2026-07-26,Delivered
1833,Rubavu,Sector 4,Sector 4 Site,Farmer_1833,NPK,50,32.5,1625,2026-07-03,Booked
1836,Nyaruguru,Sector 11,Sector 11 Site,Farmer_1836,NPK,6,32.5,195,2026-07-28,Pending
1842,Kayonza,Sector 6,Sector 6 Site,Farmer_1842,NPK,26,32.5,845,2026-07-23,Pending
1846,Karongi,Sector 3,Sector 3 Site,Farmer_1846,NPK,15,32.5,487.5,2026-07-05,Booked
1850,Nyarugenge,Sector 5,Sector 5 Site,Farmer_1850,NPK,51,32.5,1657.5,2026-07-07,Booked
1851,Nyabihu,Sector 3,Sector 3 Site,Farmer_1851,NPK,34,32.5,1105,2026-07-19,Delivered
1854,Gatsibo,Sector 5,Sector 5 Site,Farmer_1854,NPK,24,32.5,780,2026-07-26,Booked
1856,Nyaruguru,Sector 6,Sector 6 Site,Farmer_1856,NPK,46,32.5,1495,2026-07-23,Booked
1857,Rusizi,Sector 7,Sector 7 Site,Farmer_1857,NPK,56,32.5,1820,2026-07-21,Pending
1859,Nyarugenge,Sector 5,Sector 5 Site,Farmer_1859,NPK,42,32.5,1365,2026-07-24,Booked
1862,Muhanga,Sector 5,Sector 5 Site,Farmer_1862,NPK,49,32.5,1592.5,2026-07-13,Delivered
1869,Gasabo,Sector 8,Sector 8 Site,Farmer_1869,NPK,34,32.5,1105,2026-07-27,Delivered
1875,Rwamagana,Sector 9,Sector 9 Site,Farmer_1875,NPK,25,32.5,812.5,2026-07-24,Booked
1879,Nyagatare,Sector 2,Sector 2 Site,Farmer_1879,NPK,12,32.5,390,2026-07-28,Booked
1886,Rubavu,Sector 9,Sector 9 Site,Farmer_1886,NPK,45,32.5,1462.5,2026-07-03,Booked
1891,Muhanga,Sector 9,Sector 9 Site,Farmer_1891,NPK,6,32.5,195,2026-07-20,Booked
1894,Huye,Sector 7,Sector 7 Site,Farmer_1894,NPK,23,32.5,747.5,2026-07-11,Pending
1897,Huye,Sector 11,Sector 11 Site,Farmer_1897,NPK,38,32.5,1235,2026-07-11,Pending
1898,Nyaruguru,Sector 9,Sector 9 Site,Farmer_1898,NPK,8,32.5,260,2026-07-07,Delivered
1900,Nyamasheke,Sector 9,Sector 9 Site,Farmer_1900,NPK,16,32.5,520,2026-07-13,Booked
1917,Nyagatare,Sector 3,Sector 3 Site,Farmer_1917,NPK,40,32.5,1300,2026-07-27,Pending
1927,Rusizi,Sector 10,Sector 10 Site,Farmer_1927,NPK,51,32.5,1657.5,2026-07-05,Pending
1930,Musanze,Sector 10,Sector 10 Site,Farmer_1930,NPK,15,32.5,487.5,2026-07-03,Booked
1934,Nyamasheke,Sector 9,Sector 9 Site,Farmer_1934,NPK,46,32.5,1495,2026-07-28,Pending
1936,Huye,Sector 4,Sector 4 Site,Farmer_1936,NPK,41,32.5,1332.5,2026-07-05,Delivered
1937,Bugesera,Sector 9,Sector 9 Site,Farmer_1937,NPK,7,32.5,227.5,2026-07-15,Booked
1938,Kicukiro,Sector 3,Sector 3 Site,Farmer_1938,NPK,57,32.5,1852.5,2026-07-16,Delivered
1939,Nyanza,Sector 6,Sector 6 Site,Farmer_1939,NPK,55,32.5,1787.5,2026-07-02,Pending
1943,Ruhango,Sector 8,Sector 8 Site,Farmer_1943,NPK,16,32.5,520,2026-07-31,Booked
1944,Kicukiro,Sector 5,Sector 5 Site,Farmer_1944,NPK,58,32.5,1885,2026-07-31,Pending
1945,Burera,Sector 12,Sector 12 Site,Farmer_1945,NPK,22,32.5,715,2026-07-15,Booked
1951,Burera,Sector 1,Sector 1 Site,Farmer_1951,NPK,9,32.5,292.5,2026-07-03,Booked
1953,Gatsibo,Sector 8,Sector 8 Site,Farmer_1953,NPK,25,32.5,812.5,2026-07-09,Delivered
1955,Nyarugenge,Sector 1,Sector 1 Site,Farmer_1955,NPK,18,32.5,585,2026-07-13,Delivered
1959,Musanze,Sector 3,Sector 3 Site,Farmer_1959,NPK,31,32.5,1007.5,2026-07-08,Booked
1964,Nyanza,Sector 5,Sector 5 Site,Farmer_1964,NPK,53,32.5,1722.5,2026-07-06,Pending
1971,Nyanza,Sector 7,Sector 7 Site,Farmer_1971,NPK,55,32.5,1787.5,2026-07-22,Delivered
1974,Ruhango,Sector 8,Sector 8 Site,Farmer_1974,NPK,38,32.5,1235,2026-07-13,Pending
1983,Ruhango,Sector 3,Sector 3 Site,Farmer_1983,NPK,48,32.5,1560,2026-07-27,Delivered
1985,Rwamagana,Sector 1,Sector 1 Site,Farmer_1985,NPK,25,32.5,812.5,2026-07-12,Booked
1986,Kayonza,Sector 9,Sector 9 Site,Farmer_1986,NPK,60,32.5,1950,2026-07-28,Delivered
1987,Huye,Sector 9,Sector 9 Site,Farmer_1987,NPK,6,32.5,195,2026-07-02,Booked
1988,Ngororero,Sector 5,Sector 5 Site,Farmer_1988,NPK,52,32.5,1690,2026-07-13,Delivered
1990,Kicukiro,Sector 4,Sector 4 Site,Farmer_1990,NPK,29,32.5,942.5,2026-07-04,Pending
1999,Ngororero,Sector 4,Sector 4 Site,Farmer_1999,NPK,15,32.5,487.5,2026-07-18,Delivered
1005,Kirehe,Sector 12,Sector 12 Site,Farmer_1005,Urea,50,29,1450,2026-07-30,Pending
1006,Gakenke,Sector 3,Sector 3 Site,Farmer_1006,Urea,42,29,1218,2026-07-28,Pending
1009,Gisagara,Sector 3,Sector 3 Site,Farmer_1009,Urea,16,29,464,2026-07-11,Delivered
1015,Nyarugenge,Sector 11,Sector 11 Site,Farmer_1015,Urea,10,29,290,2026-07-01,Delivered
1016,Kayonza,Sector 10,Sector 10 Site,Farmer_1016,Urea,47,29,1363,2026-07-07,Delivered
1017,Ruhango,Sector 5,Sector 5 Site,Farmer_1017,Urea,39,29,1131,2026-07-03,Pending
1020,Gakenke,Sector 8,Sector 8 Site,Farmer_1020,Urea,32,29,928,2026-07-09,Pending
1024,Nyaruguru,Sector 7,Sector 7 Site,Farmer_1024,Urea,14,29,406,2026-07-29,Delivered
1025,Karongi,Sector 11,Sector 11 Site,Farmer_1025,Urea,43,29,1247,2026-07-22,Delivered
1026,Rwamagana,Sector 12,Sector 12 Site,Farmer_1026,Urea,52,29,1508,2026-07-14,Pending
1029,Rwamagana,Sector 9,Sector 9 Site,Farmer_1029,Urea,9,29,261,2026-07-03,Pending
1032,Huye,Sector 4,Sector 4 Site,Farmer_1032,Urea,30,29,870,2026-07-13,Booked
1033,Nyaruguru,Sector 10,Sector 10 Site,Farmer_1033,Urea,6,29,174,2026-07-26,Booked
1040,Burera,Sector 8,Sector 8 Site,Farmer_1040,Urea,31,29,899,2026-07-15,Pending
1043,Nyamasheke,Sector 10,Sector 10 Site,Farmer_1043,Urea,44,29,1276,2026-07-30,Pending
1044,Nyagatare,Sector 12,Sector 12 Site,Farmer_1044,Urea,18,29,522,2026-07-03,Delivered
1049,Gakenke,Sector 7,Sector 7 Site,Farmer_1049,Urea,43,29,1247,2026-07-02,Booked
1051,Kicukiro,Sector 11,Sector 11 Site,Farmer_1051,Urea,54,29,1566,2026-07-08,Booked
1056,Nyaruguru,Sector 4,Sector 4 Site,Farmer_1056,Urea,58,29,1682,2026-07-27,Booked
1059,Bugesera,Sector 5,Sector 5 Site,Farmer_1059,Urea,41,29,1189,2026-07-14,Delivered
1060,Huye,Sector 8,Sector 8 Site,Farmer_1060,Urea,44,29,1276,2026-07-23,Booked
1061,Rutsiro,Sector 4,Sector 4 Site,Farmer_1061,Urea,17,29,493,2026-07-01,Pending
1062,Huye,Sector 10,Sector 10 Site,Farmer_1062,Urea,15,29,435,2026-07-10,Booked
1065,Nyagatare,Sector 3,Sector 3 Site,Farmer_1065,Urea,33,29,957,2026-07-17,Delivered
1077,Rwamagana,Sector 4,Sector 4 Site,Farmer_1077,Urea,58,29,1682,2026-07-24,Pending
1082,Kicukiro,Sector 9,Sector 9 Site,Farmer_1082,Urea,20,29,580,2026-07-09,Pending
1083,Nyabihu,Sector 5,Sector 5 Site,Farmer_1083,Urea,29,29,841,2026-07-17,Booked
1084,Rwamagana,Sector 6,Sector 6 Site,Farmer_1084,Urea,30,29,870,2026-07-07,Booked
1088,Ngororero,Sector 3,Sector 3 Site,Farmer_1088,Urea,55,29,1595,2026-07-24,Pending
1091,Burera,Sector 9,Sector 9 Site,Farmer_1091,Urea,5,29,145,2026-07-10,Delivered
1095,Gatsibo,Sector 7,Sector 7 Site,Farmer_1095,Urea,20,29,580,2026-07-27,Delivered
1097,Rusizi,Sector 11,Sector 11 Site,Farmer_1097,Urea,7,29,203,2026-07-06,Booked
1103,Gakenke,Sector 11,Sector 11 Site,Farmer_1103,Urea,14,29,406,2026-07-01,Delivered
1113,Ngoma,Sector 5,Sector 5 Site,Farmer_1113,Urea,45,29,1305,2026-07-02,Booked
1115,Bugesera,Sector 7,Sector 7 Site,Farmer_1115,Urea,21,29,609,2026-07-11,Booked
1118,Ruhango,Sector 7,Sector 7 Site,Farmer_1118,Urea,21,29,609,2026-07-25,Pending
1122,Nyagatare,Sector 3,Sector 3 Site,Farmer_1122,Urea,38,29,1102,2026-07-26,Booked
1125,Kicukiro,Sector 9,Sector 9 Site,Farmer_1125,Urea,39,29,1131,2026-07-23,Booked
1127,Musanze,Sector 8,Sector 8 Site,Farmer_1127,Urea,53,29,1537,2026-07-16,Pending
1130,Nyarugenge,Sector 8,Sector 8 Site,Farmer_1130,Urea,35,29,1015,2026-07-26,Booked
1131,Rusizi,Sector 2,Sector 2 Site,Farmer_1131,Urea,14,29,406,2026-07-11,Pending
1134,Gisagara,Sector 6,Sector 6 Site,Farmer_1134,Urea,20,29,580,2026-07-19,Delivered
1140,Nyarugenge,Sector 6,Sector 6 Site,Farmer_1140,Urea,11,29,319,2026-07-28,Booked
1143,Gicumbi,Sector 3,Sector 3 Site,Farmer_1143,Urea,31,29,899,2026-07-20,Delivered
1146,Bugesera,Sector 8,Sector 8 Site,Farmer_1146,Urea,35,29,1015,2026-07-25,Pending
1147,Nyabihu,Sector 7,Sector 7 Site,Farmer_1147,Urea,22,29,638,2026-07-10,Booked
1152,Nyabihu,Sector 8,Sector 8 Site,Farmer_1152,Urea,30,29,870,2026-07-21,Pending
1156,Nyaruguru,Sector 11,Sector 11 Site,Farmer_1156,Urea,26,29,754,2026-07-23,Pending
1163,Muhanga,Sector 10,Sector 10 Site,Farmer_1163,Urea,32,29,928,2026-07-03,Booked
1166,Rutsiro,Sector 11,Sector 11 Site,Farmer_1166,Urea,55,29,1595,2026-07-21,Delivered
1167,Gatsibo,Sector 8,Sector 8 Site,Farmer_1167,Urea,15,29,435,2026-07-09,Booked
1170,Rusizi,Sector 2,Sector 2 Site,Farmer_1170,Urea,46,29,1334,2026-07-20,Delivered
1177,Gakenke,Sector 12,Sector 12 Site,Farmer_1177,Urea,30,29,870,2026-07-11,Delivered
1180,Nyarugenge,Sector 6,Sector 6 Site,Farmer_1180,Urea,37,29,1073,2026-07-10,Delivered
1186,Rubavu,Sector 11,Sector 11 Site,Farmer_1186,Urea,32,29,928,2026-07-19,Delivered
1192,Rwamagana,Sector 9,Sector 9 Site,Farmer_1192,Urea,33,29,957,2026-07-17,Booked
1197,Gasabo,Sector 3,Sector 3 Site,Farmer_1197,Urea,44,29,1276,2026-07-04,Pending
1198,Huye,Sector 8,Sector 8 Site,Farmer_1198,Urea,13,29,377,2026-07-19,Booked
1204,Kicukiro,Sector 6,Sector 6 Site,Farmer_1204,Urea,29,29,841,2026-07-23,Booked
1206,Rubavu,Sector 6,Sector 6 Site,Farmer_1206,Urea,48,29,1392,2026-07-15,Booked
1208,Gasabo,Sector 12,Sector 12 Site,Farmer_1208,Urea,40,29,1160,2026-07-01,Pending
1209,Kamonyi,Sector 3,Sector 3 Site,Farmer_1209,Urea,50,29,1450,2026-07-20,Delivered
1212,Nyabihu,Sector 1,Sector 1 Site,Farmer_1212,Urea,55,29,1595,2026-07-30,Booked
1216,Rulindo,Sector 1,Sector 1 Site,Farmer_1216,Urea,29,29,841,2026-07-21,Delivered
1224,Nyarugenge,Sector 10,Sector 10 Site,Farmer_1224,Urea,28,29,812,2026-07-06,Booked
1226,Rusizi,Sector 1,Sector 1 Site,Farmer_1226,Urea,29,29,841,2026-07-13,Delivered
1230,Nyaruguru,Sector 6,Sector 6 Site,Farmer_1230,Urea,9,29,261,2026-07-18,Booked
1232,Nyabihu,Sector 2,Sector 2 Site,Farmer_1232,Urea,39,29,1131,2026-07-10,Delivered
1233,Rusizi,Sector 5,Sector 5 Site,Farmer_1233,Urea,32,29,928,2026-07-15,Pending
1238,Gicumbi,Sector 8,Sector 8 Site,Farmer_1238,Urea,43,29,1247,2026-07-18,Booked
1243,Gicumbi,Sector 5,Sector 5 Site,Farmer_1243,Urea,27,29,783,2026-07-30,Pending
1246,Rusizi,Sector 8,Sector 8 Site,Farmer_1246,Urea,38,29,1102,2026-07-03,Pending
1249,Nyamasheke,Sector 12,Sector 12 Site,Farmer_1249,Urea,28,29,812,2026-07-15,Booked
1258,Kirehe,Sector 8,Sector 8 Site,Farmer_1258,Urea,6,29,174,2026-07-09,Booked
1259,Ngororero,Sector 9,Sector 9 Site,Farmer_1259,Urea,8,29,232,2026-07-19,Pending
1261,Huye,Sector 4,Sector 4 Site,Farmer_1261,Urea,26,29,754,2026-07-13,Delivered
1264,Kicukiro,Sector 7,Sector 7 Site,Farmer_1264,Urea,45,29,1305,2026-07-07,Booked
1265,Rulindo,Sector 7,Sector 7 Site,Farmer_1265,Urea,22,29,638,2026-07-12,Delivered
1269,Rwamagana,Sector 8,Sector 8 Site,Farmer_1269,Urea,19,29,551,2026-07-12,Delivered
1274,Nyarugenge,Sector 11,Sector 11 Site,Farmer_1274,Urea,48,29,1392,2026-07-27,Booked
1278,Kicukiro,Sector 9,Sector 9 Site,Farmer_1278,Urea,5,29,145,2026-07-22,Delivered
1284,Nyarugenge,Sector 9,Sector 9 Site,Farmer_1284,Urea,37,29,1073,2026-07-20,Delivered
1285,Ngororero,Sector 5,Sector 5 Site,Farmer_1285,Urea,33,29,957,2026-07-10,Booked
1288,Nyamasheke,Sector 3,Sector 3 Site,Farmer_1288,Urea,19,29,551,2026-07-26,Booked
1292,Gakenke,Sector 1,Sector 1 Site,Farmer_1292,Urea,51,29,1479,2026-07-22,Pending
1295,Ngororero,Sector 7,Sector 7 Site,Farmer_1295,Urea,35,29,1015,2026-07-03,Booked
1299,Rutsiro,Sector 4,Sector 4 Site,Farmer_1299,Urea,9,29,261,2026-07-19,Pending
1300,Bugesera,Sector 4,Sector 4 Site,Farmer_1300,Urea,33,29,957,2026-07-11,Pending
1304,Nyaruguru,Sector 4,Sector 4 Site,Farmer_1304,Urea,60,29,1740,2026-07-28,Delivered
1305,Burera,Sector 6,Sector 6 Site,Farmer_1305,Urea,19,29,551,2026-07-02,Pending
1306,Karongi,Sector 10,Sector 10 Site,Farmer_1306,Urea,49,29,1421,2026-07-20,Delivered
1307,Gisagara,Sector 9,Sector 9 Site,Farmer_1307,Urea,19,29,551,2026-07-27,Booked
1310,Musanze,Sector 3,Sector 3 Site,Farmer_1310,Urea,35,29,1015,2026-07-19,Delivered
1311,Nyabihu,Sector 4,Sector 4 Site,Farmer_1311,Urea,54,29,1566,2026-07-08,Delivered
1317,Kicukiro,Sector 7,Sector 7 Site,Farmer_1317,Urea,12,29,348,2026-07-05,Booked
1319,Nyamasheke,Sector 5,Sector 5 Site,Farmer_1319,Urea,58,29,1682,2026-07-02,Delivered
1325,Nyamasheke,Sector 2,Sector 2 Site,Farmer_1325,Urea,56,29,1624,2026-07-16,Pending
1326,Rusizi,Sector 5,Sector 5 Site,Farmer_1326,Urea,58,29,1682,2026-07-11,Booked
1327,Burera,Sector 11,Sector 11 Site,Farmer_1327,Urea,60,29,1740,2026-07-10,Booked
1331,Ruhango,Sector 3,Sector 3 Site,Farmer_1331,Urea,8,29,232,2026-07-05,Delivered
1343,Rwamagana,Sector 10,Sector 10 Site,Farmer_1343,Urea,26,29,754,2026-07-13,Booked
1344,Nyaruguru,Sector 9,Sector 9 Site,Farmer_1344,Urea,59,29,1711,2026-07-05,Delivered
1347,Bugesera,Sector 11,Sector 11 Site,Farmer_1347,Urea,38,29,1102,2026-07-20,Delivered
1349,Kicukiro,Sector 10,Sector 10 Site,Farmer_1349,Urea,43,29,1247,2026-07-04,Booked
1350,Rwamagana,Sector 6,Sector 6 Site,Farmer_1350,Urea,27,29,783,2026-07-01,Pending
1357,Ngororero,Sector 1,Sector 1 Site,Farmer_1357,Urea,29,29,841,2026-07-26,Pending
1358,Rubavu,Sector 11,Sector 11 Site,Farmer_1358,Urea,5,29,145,2026-07-13,Pending
1365,Gasabo,Sector 7,Sector 7 Site,Farmer_1365,Urea,43,29,1247,2026-07-25,Delivered
1366,Huye,Sector 6,Sector 6 Site,Farmer_1366,Urea,43,29,1247,2026-07-24,Booked
1368,Musanze,Sector 11,Sector 11 Site,Farmer_1368,Urea,16,29,464,2026-07-08,Delivered
1384,Burera,Sector 5,Sector 5 Site,Farmer_1384,Urea,15,29,435,2026-07-05,Booked
1395,Gatsibo,Sector 3,Sector 3 Site,Farmer_1395,Urea,22,29,638,2026-07-04,Delivered
1407,Kirehe,Sector 1,Sector 1 Site,Farmer_1407,Urea,27,29,783,2026-07-25,Booked
1410,Ruhango,Sector 3,Sector 3 Site,Farmer_1410,Urea,11,29,319,2026-07-13,Pending
1411,Rubavu,Sector 2,Sector 2 Site,Farmer_1411,Urea,23,29,667,2026-07-28,Booked
1412,Ruhango,Sector 9,Sector 9 Site,Farmer_1412,Urea,9,29,261,2026-07-26,Delivered
1414,Rutsiro,Sector 11,Sector 11 Site,Farmer_1414,Urea,18,29,522,2026-07-24,Pending
1421,Rwamagana,Sector 10,Sector 10 Site,Farmer_1421,Urea,58,29,1682,2026-07-14,Delivered
1422,Rulindo,Sector 12,Sector 12 Site,Farmer_1422,Urea,53,29,1537,2026-07-15,Pending
1426,Nyagatare,Sector 1,Sector 1 Site,Farmer_1426,Urea,6,29,174,2026-07-20,Delivered
1431,Muhanga,Sector 6,Sector 6 Site,Farmer_1431,Urea,30,29,870,2026-07-18,Delivered
1434,Nyaruguru,Sector 10,Sector 10 Site,Farmer_1434,Urea,22,29,638,2026-07-27,Booked
1435,Kamonyi,Sector 12,Sector 12 Site,Farmer_1435,Urea,13,29,377,2026-07-26,Pending
1439,Nyabihu,Sector 5,Sector 5 Site,Farmer_1439,Urea,20,29,580,2026-07-25,Booked
1441,Rubavu,Sector 1,Sector 1 Site,Farmer_1441,Urea,53,29,1537,2026-07-09,Pending
1443,Rwamagana,Sector 8,Sector 8 Site,Farmer_1443,Urea,46,29,1334,2026-07-30,Booked
1450,Nyabihu,Sector 9,Sector 9 Site,Farmer_1450,Urea,57,29,1653,2026-07-13,Booked
1453,Musanze,Sector 6,Sector 6 Site,Farmer_1453,Urea,16,29,464,2026-07-08,Delivered
1455,Ngoma,Sector 5,Sector 5 Site,Farmer_1455,Urea,25,29,725,2026-07-11,Delivered
1456,Kirehe,Sector 1,Sector 1 Site,Farmer_1456,Urea,10,29,290,2026-07-09,Booked
1463,Ngororero,Sector 12,Sector 12 Site,Farmer_1463,Urea,43,29,1247,2026-07-08,Pending
1467,Rwamagana,Sector 7,Sector 7 Site,Farmer_1467,Urea,10,29,290,2026-07-01,Delivered
1468,Ngororero,Sector 5,Sector 5 Site,Farmer_1468,Urea,54,29,1566,2026-07-16,Booked
1476,Musanze,Sector 6,Sector 6 Site,Farmer_1476,Urea,28,29,812,2026-07-26,Delivered
1482,Rusizi,Sector 5,Sector 5 Site,Farmer_1482,Urea,42,29,1218,2026-07-11,Delivered
1486,Bugesera,Sector 2,Sector 2 Site,Farmer_1486,Urea,53,29,1537,2026-07-30,Booked
1489,Musanze,Sector 6,Sector 6 Site,Farmer_1489,Urea,58,29,1682,2026-07-23,Delivered
1494,Ngororero,Sector 1,Sector 1 Site,Farmer_1494,Urea,43,29,1247,2026-07-29,Booked
1496,Rulindo,Sector 9,Sector 9 Site,Farmer_1496,Urea,25,29,725,2026-07-17,Booked
1514,Muhanga,Sector 2,Sector 2 Site,Farmer_1514,Urea,19,29,551,2026-07-23,Delivered
1538,Gatsibo,Sector 5,Sector 5 Site,Farmer_1538,Urea,24,29,696,2026-07-07,Delivered
1541,Ruhango,Sector 9,Sector 9 Site,Farmer_1541,Urea,26,29,754,2026-07-17,Pending
1546,Kirehe,Sector 3,Sector 3 Site,Farmer_1546,Urea,54,29,1566,2026-07-03,Delivered
1552,Rubavu,Sector 9,Sector 9 Site,Farmer_1552,Urea,14,29,406,2026-07-26,Booked
1553,Nyaruguru,Sector 11,Sector 11 Site,Farmer_1553,Urea,34,29,986,2026-07-29,Delivered
1558,Musanze,Sector 12,Sector 12 Site,Farmer_1558,Urea,37,29,1073,2026-07-13,Booked
1559,Kirehe,Sector 11,Sector 11 Site,Farmer_1559,Urea,27,29,783,2026-07-25,Delivered
1560,Nyaruguru,Sector 7,Sector 7 Site,Farmer_1560,Urea,59,29,1711,2026-07-28,Delivered
1561,Muhanga,Sector 4,Sector 4 Site,Farmer_1561,Urea,49,29,1421,2026-07-23,Booked
1562,Rubavu,Sector 9,Sector 9 Site,Farmer_1562,Urea,42,29,1218,2026-07-14,Pending
1574,Gicumbi,Sector 8,Sector 8 Site,Farmer_1574,Urea,19,29,551,2026-07-01,Pending
1576,Nyagatare,Sector 1,Sector 1 Site,Farmer_1576,Urea,25,29,725,2026-07-21,Booked
1589,Rwamagana,Sector 11,Sector 11 Site,Farmer_1589,Urea,40,29,1160,2026-07-22,Booked
1590,Ngororero,Sector 1,Sector 1 Site,Farmer_1590,Urea,33,29,957,2026-07-19,Booked
1592,Musanze,Sector 7,Sector 7 Site,Farmer_1592,Urea,19,29,551,2026-07-13,Delivered
1595,Rubavu,Sector 9,Sector 9 Site,Farmer_1595,Urea,20,29,580,2026-07-14,Delivered
1596,Muhanga,Sector 4,Sector 4 Site,Farmer_1596,Urea,49,29,1421,2026-07-06,Booked
1606,Kirehe,Sector 9,Sector 9 Site,Farmer_1606,Urea,10,29,290,2026-07-29,Delivered
1609,Muhanga,Sector 6,Sector 6 Site,Farmer_1609,Urea,59,29,1711,2026-07-09,Booked
1612,Nyaruguru,Sector 9,Sector 9 Site,Farmer_1612,Urea,55,29,1595,2026-07-12,Pending
1619,Gisagara,Sector 9,Sector 9 Site,Farmer_1619,Urea,15,29,435,2026-07-26,Delivered
1626,Kamonyi,Sector 10,Sector 10 Site,Farmer_1626,Urea,39,29,1131,2026-07-23,Booked
1630,Nyagatare,Sector 12,Sector 12 Site,Farmer_1630,Urea,47,29,1363,2026-07-21,Pending
1633,Rubavu,Sector 10,Sector 10 Site,Farmer_1633,Urea,33,29,957,2026-07-12,Delivered
1635,Nyarugenge,Sector 4,Sector 4 Site,Farmer_1635,Urea,34,29,986,2026-07-07,Pending
1636,Kirehe,Sector 11,Sector 11 Site,Farmer_1636,Urea,27,29,783,2026-07-25,Delivered
1640,Nyaruguru,Sector 11,Sector 11 Site,Farmer_1640,Urea,24,29,696,2026-07-27,Pending
1646,Burera,Sector 3,Sector 3 Site,Farmer_1646,Urea,43,29,1247,2026-07-03,Booked
1647,Gakenke,Sector 7,Sector 7 Site,Farmer_1647,Urea,30,29,870,2026-07-14,Delivered
1656,Nyanza,Sector 1,Sector 1 Site,Farmer_1656,Urea,57,29,1653,2026-07-24,Booked
1658,Karongi,Sector 3,Sector 3 Site,Farmer_1658,Urea,36,29,1044,2026-07-10,Booked
1667,Gasabo,Sector 11,Sector 11 Site,Farmer_1667,Urea,27,29,783,2026-07-10,Pending
1673,Kirehe,Sector 8,Sector 8 Site,Farmer_1673,Urea,47,29,1363,2026-07-25,Booked
1674,Bugesera,Sector 6,Sector 6 Site,Farmer_1674,Urea,49,29,1421,2026-07-31,Booked
1681,Karongi,Sector 11,Sector 11 Site,Farmer_1681,Urea,24,29,696,2026-07-30,Booked
1687,Nyagatare,Sector 10,Sector 10 Site,Farmer_1687,Urea,11,29,319,2026-07-13,Pending
1697,Kicukiro,Sector 11,Sector 11 Site,Farmer_1697,Urea,28,29,812,2026-07-05,Pending
1700,Rubavu,Sector 1,Sector 1 Site,Farmer_1700,Urea,53,29,1537,2026-07-12,Delivered
1710,Rwamagana,Sector 4,Sector 4 Site,Farmer_1710,Urea,16,29,464,2026-07-17,Delivered
1711,Gasabo,Sector 4,Sector 4 Site,Farmer_1711,Urea,60,29,1740,2026-07-14,Booked
1715,Muhanga,Sector 1,Sector 1 Site,Farmer_1715,Urea,27,29,783,2026-07-16,Delivered
1717,Kayonza,Sector 8,Sector 8 Site,Farmer_1717,Urea,18,29,522,2026-07-05,Pending
1719,Rwamagana,Sector 5,Sector 5 Site,Farmer_1719,Urea,47,29,1363,2026-07-05,Booked
1721,Rusizi,Sector 10,Sector 10 Site,Farmer_1721,Urea,17,29,493,2026-07-27,Delivered
1728,Kicukiro,Sector 6,Sector 6 Site,Farmer_1728,Urea,19,29,551,2026-07-22,Pending
1729,Nyabihu,Sector 11,Sector 11 Site,Farmer_1729,Urea,14,29,406,2026-07-02,Delivered
1732,Kayonza,Sector 7,Sector 7 Site,Farmer_1732,Urea,29,29,841,2026-07-13,Delivered
1733,Kayonza,Sector 11,Sector 11 Site,Farmer_1733,Urea,22,29,638,2026-07-13,Delivered
1735,Gicumbi,Sector 4,Sector 4 Site,Farmer_1735,Urea,60,29,1740,2026-07-25,Pending
1736,Gisagara,Sector 10,Sector 10 Site,Farmer_1736,Urea,19,29,551,2026-07-21,Pending
1744,Nyanza,Sector 7,Sector 7 Site,Farmer_1744,Urea,42,29,1218,2026-07-10,Booked
1749,Nyagatare,Sector 8,Sector 8 Site,Farmer_1749,Urea,26,29,754,2026-07-17,Pending
1750,Gicumbi,Sector 2,Sector 2 Site,Farmer_1750,Urea,49,29,1421,2026-07-16,Booked
1752,Kicukiro,Sector 8,Sector 8 Site,Farmer_1752,Urea,11,29,319,2026-07-04,Delivered
1753,Gasabo,Sector 5,Sector 5 Site,Farmer_1753,Urea,22,29,638,2026-07-10,Booked
1754,Gatsibo,Sector 1,Sector 1 Site,Farmer_1754,Urea,54,29,1566,2026-07-19,Delivered
1755,Burera,Sector 1,Sector 1 Site,Farmer_1755,Urea,46,29,1334,2026-07-01,Delivered
1763,Bugesera,Sector 7,Sector 7 Site,Farmer_1763,Urea,51,29,1479,2026-07-20,Booked
1764,Rwamagana,Sector 11,Sector 11 Site,Farmer_1764,Urea,26,29,754,2026-07-17,Booked
1766,Ngororero,Sector 5,Sector 5 Site,Farmer_1766,Urea,29,29,841,2026-07-21,Delivered
1783,Gakenke,Sector 6,Sector 6 Site,Farmer_1783,Urea,14,29,406,2026-07-09,Delivered
1789,Gatsibo,Sector 5,Sector 5 Site,Farmer_1789,Urea,26,29,754,2026-07-23,Pending
1799,Rubavu,Sector 3,Sector 3 Site,Farmer_1799,Urea,60,29,1740,2026-07-08,Delivered
1801,Rusizi,Sector 6,Sector 6 Site,Farmer_1801,Urea,46,29,1334,2026-07-27,Delivered
1802,Rusizi,Sector 8,Sector 8 Site,Farmer_1802,Urea,10,29,290,2026-07-18,Delivered
1805,Rusizi,Sector 12,Sector 12 Site,Farmer_1805,Urea,59,29,1711,2026-07-26,Booked
1807,Kayonza,Sector 12,Sector 12 Site,Farmer_1807,Urea,7,29,203,2026-07-30,Pending
1808,Rutsiro,Sector 8,Sector 8 Site,Farmer_1808,Urea,14,29,406,2026-07-20,Delivered
1820,Gatsibo,Sector 10,Sector 10 Site,Farmer_1820,Urea,32,29,928,2026-07-17,Delivered
1824,Ruhango,Sector 2,Sector 2 Site,Farmer_1824,Urea,59,29,1711,2026-07-26,Booked
1834,Kicukiro,Sector 3,Sector 3 Site,Farmer_1834,Urea,55,29,1595,2026-07-11,Booked
1835,Rwamagana,Sector 2,Sector 2 Site,Farmer_1835,Urea,30,29,870,2026-07-11,Pending
1837,Gisagara,Sector 12,Sector 12 Site,Farmer_1837,Urea,17,29,493,2026-07-25,Pending
1840,Nyamasheke,Sector 8,Sector 8 Site,Farmer_1840,Urea,34,29,986,2026-07-10,Pending
1843,Musanze,Sector 8,Sector 8 Site,Farmer_1843,Urea,18,29,522,2026-07-24,Delivered
1847,Rwamagana,Sector 8,Sector 8 Site,Farmer_1847,Urea,7,29,203,2026-07-11,Booked
1848,Nyanza,Sector 7,Sector 7 Site,Farmer_1848,Urea,16,29,464,2026-07-13,Delivered
1852,Nyaruguru,Sector 2,Sector 2 Site,Farmer_1852,Urea,17,29,493,2026-07-19,Pending
1853,Nyaruguru,Sector 7,Sector 7 Site,Farmer_1853,Urea,12,29,348,2026-07-05,Booked
1858,Ngoma,Sector 9,Sector 9 Site,Farmer_1858,Urea,32,29,928,2026-07-19,Booked
1861,Gakenke,Sector 9,Sector 9 Site,Farmer_1861,Urea,36,29,1044,2026-07-22,Delivered
1864,Rusizi,Sector 7,Sector 7 Site,Farmer_1864,Urea,47,29,1363,2026-07-22,Pending
1867,Nyaruguru,Sector 9,Sector 9 Site,Farmer_1867,Urea,37,29,1073,2026-07-22,Delivered
1871,Rulindo,Sector 1,Sector 1 Site,Farmer_1871,Urea,57,29,1653,2026-07-05,Delivered
1873,Huye,Sector 3,Sector 3 Site,Farmer_1873,Urea,20,29,580,2026-07-05,Pending
1876,Ngoma,Sector 8,Sector 8 Site,Farmer_1876,Urea,45,29,1305,2026-07-12,Pending
1880,Gasabo,Sector 9,Sector 9 Site,Farmer_1880,Urea,18,29,522,2026-07-19,Booked
1881,Rutsiro,Sector 8,Sector 8 Site,Farmer_1881,Urea,8,29,232,2026-07-12,Delivered
1884,Rusizi,Sector 4,Sector 4 Site,Farmer_1884,Urea,10,29,290,2026-07-18,Pending
1885,Rutsiro,Sector 6,Sector 6 Site,Farmer_1885,Urea,7,29,203,2026-07-07,Pending
1888,Kicukiro,Sector 9,Sector 9 Site,Farmer_1888,Urea,33,29,957,2026-07-26,Pending
1892,Rwamagana,Sector 12,Sector 12 Site,Farmer_1892,Urea,37,29,1073,2026-07-31,Booked
1899,Rwamagana,Sector 2,Sector 2 Site,Farmer_1899,Urea,46,29,1334,2026-07-09,Pending
1902,Rutsiro,Sector 7,Sector 7 Site,Farmer_1902,Urea,50,29,1450,2026-07-11,Delivered
1907,Rwamagana,Sector 4,Sector 4 Site,Farmer_1907,Urea,22,29,638,2026-07-11,Booked
1909,Musanze,Sector 11,Sector 11 Site,Farmer_1909,Urea,32,29,928,2026-07-28,Booked
1912,Rubavu,Sector 11,Sector 11 Site,Farmer_1912,Urea,29,29,841,2026-07-14,Booked
1916,Rwamagana,Sector 12,Sector 12 Site,Farmer_1916,Urea,19,29,551,2026-07-14,Delivered
1922,Kicukiro,Sector 9,Sector 9 Site,Farmer_1922,Urea,18,29,522,2026-07-03,Pending
1923,Rwamagana,Sector 4,Sector 4 Site,Farmer_1923,Urea,27,29,783,2026-07-31,Booked
1925,Nyarugenge,Sector 4,Sector 4 Site,Farmer_1925,Urea,42,29,1218,2026-07-02,Delivered
1928,Nyanza,Sector 12,Sector 12 Site,Farmer_1928,Urea,11,29,319,2026-07-03,Pending
1929,Nyagatare,Sector 1,Sector 1 Site,Farmer_1929,Urea,30,29,870,2026-07-27,Pending
1931,Rulindo,Sector 3,Sector 3 Site,Farmer_1931,Urea,35,29,1015,2026-07-03,Delivered
1933,Rwamagana,Sector 5,Sector 5 Site,Farmer_1933,Urea,6,29,174,2026-07-06,Delivered
1948,Ngoma,Sector 6,Sector 6 Site,Farmer_1948,Urea,7,29,203,2026-07-04,Delivered
1949,Musanze,Sector 11,Sector 11 Site,Farmer_1949,Urea,39,29,1131,2026-07-17,Pending
1961,Gasabo,Sector 6,Sector 6 Site,Farmer_1961,Urea,25,29,725,2026-07-22,Pending
1965,Nyabihu,Sector 8,Sector 8 Site,Farmer_1965,Urea,50,29,1450,2026-07-03,Delivered
1969,Muhanga,Sector 7,Sector 7 Site,Farmer_1969,Urea,27,29,783,2026-07-03,Delivered
1975,Ngororero,Sector 2,Sector 2 Site,Farmer_1975,Urea,26,29,754,2026-07-14,Pending
1978,Gasabo,Sector 10,Sector 10 Site,Farmer_1978,Urea,45,29,1305,2026-07-19,Booked
1979,Nyabihu,Sector 1,Sector 1 Site,Farmer_1979,Urea,51,29,1479,2026-07-18,Delivered
1984,Ruhango,Sector 5,Sector 5 Site,Farmer_1984,Urea,10,29,290,2026-07-19,Booked
1995,Gisagara,Sector 4,Sector 4 Site,Farmer_1995,Urea,50,29,1450,2026-07-10,Booked
1996,Rwamagana,Sector 9,Sector 9 Site,Farmer_1996,Urea,33,29,957,2026-07-15,Pending
1997,Rusizi,Sector 5,Sector 5 Site,Farmer_1997,Urea,28,29,812,2026-07-25,Pending
2000,Musanze,Sector 3,Sector 3 Site,Farmer_2000,Urea,37,29,1073,2026-07-18,Delivered
1001,Nyamasheke,Sector 12,Sector 12 Site,Farmer_1001,Lime,13,18,234,2026-07-23,Pending
1002,Kirehe,Sector 6,Sector 6 Site,Farmer_1002,Lime,47,18,846,2026-07-01,Pending
1003,Nyaruguru,Sector 6,Sector 6 Site,Farmer_1003,Lime,40,18,720,2026-07-18,Delivered
1008,Nyabihu,Sector 4,Sector 4 Site,Farmer_1008,Lime,25,18,450,2026-07-08,Pending
1014,Rusizi,Sector 1,Sector 1 Site,Farmer_1014,Lime,54,18,972,2026-07-23,Pending
1021,Kamonyi,Sector 4,Sector 4 Site,Farmer_1021,Lime,50,18,900,2026-07-23,Delivered
1028,Kirehe,Sector 7,Sector 7 Site,Farmer_1028,Lime,34,18,612,2026-07-05,Pending
1031,Kicukiro,Sector 9,Sector 9 Site,Farmer_1031,Lime,57,18,1026,2026-07-02,Booked
1037,Huye,Sector 7,Sector 7 Site,Farmer_1037,Lime,49,18,882,2026-07-04,Pending
1041,Rusizi,Sector 1,Sector 1 Site,Farmer_1041,Lime,39,18,702,2026-07-03,Booked
1042,Nyamasheke,Sector 7,Sector 7 Site,Farmer_1042,Lime,18,18,324,2026-07-23,Booked
1045,Rutsiro,Sector 11,Sector 11 Site,Farmer_1045,Lime,12,18,216,2026-07-03,Delivered
1052,Kicukiro,Sector 12,Sector 12 Site,Farmer_1052,Lime,27,18,486,2026-07-23,Delivered
1055,Kirehe,Sector 10,Sector 10 Site,Farmer_1055,Lime,53,18,954,2026-07-28,Pending
1057,Ruhango,Sector 11,Sector 11 Site,Farmer_1057,Lime,58,18,1044,2026-07-26,Pending
1063,Gicumbi,Sector 8,Sector 8 Site,Farmer_1063,Lime,15,18,270,2026-07-31,Delivered
1067,Muhanga,Sector 2,Sector 2 Site,Farmer_1067,Lime,14,18,252,2026-07-17,Pending
1078,Gicumbi,Sector 12,Sector 12 Site,Farmer_1078,Lime,38,18,684,2026-07-15,Booked
1080,Nyagatare,Sector 7,Sector 7 Site,Farmer_1080,Lime,36,18,648,2026-07-21,Pending
1085,Nyarugenge,Sector 10,Sector 10 Site,Farmer_1085,Lime,42,18,756,2026-07-31,Pending
1086,Gicumbi,Sector 9,Sector 9 Site,Farmer_1086,Lime,23,18,414,2026-07-20,Booked
1089,Ruhango,Sector 11,Sector 11 Site,Farmer_1089,Lime,31,18,558,2026-07-04,Pending
1094,Nyagatare,Sector 2,Sector 2 Site,Farmer_1094,Lime,18,18,324,2026-07-08,Pending
1096,Rwamagana,Sector 12,Sector 12 Site,Farmer_1096,Lime,52,18,936,2026-07-29,Booked
1105,Ruhango,Sector 4,Sector 4 Site,Farmer_1105,Lime,17,18,306,2026-07-15,Booked
1106,Nyarugenge,Sector 12,Sector 12 Site,Farmer_1106,Lime,11,18,198,2026-07-02,Pending
1112,Bugesera,Sector 11,Sector 11 Site,Farmer_1112,Lime,49,18,882,2026-07-03,Delivered
1116,Gasabo,Sector 7,Sector 7 Site,Farmer_1116,Lime,27,18,486,2026-07-29,Pending
1128,Ngororero,Sector 3,Sector 3 Site,Farmer_1128,Lime,39,18,702,2026-07-05,Pending
1133,Rutsiro,Sector 10,Sector 10 Site,Farmer_1133,Lime,33,18,594,2026-07-10,Pending
1148,Rwamagana,Sector 6,Sector 6 Site,Farmer_1148,Lime,47,18,846,2026-07-05,Pending
1150,Gatsibo,Sector 1,Sector 1 Site,Farmer_1150,Lime,14,18,252,2026-07-25,Pending
1151,Gasabo,Sector 3,Sector 3 Site,Farmer_1151,Lime,9,18,162,2026-07-19,Pending
1157,Nyamasheke,Sector 3,Sector 3 Site,Farmer_1157,Lime,49,18,882,2026-07-25,Booked
1161,Rusizi,Sector 11,Sector 11 Site,Farmer_1161,Lime,38,18,684,2026-07-29,Booked
1168,Nyaruguru,Sector 2,Sector 2 Site,Farmer_1168,Lime,34,18,612,2026-07-09,Booked
1169,Nyagatare,Sector 10,Sector 10 Site,Farmer_1169,Lime,18,18,324,2026-07-01,Booked
1172,Kirehe,Sector 4,Sector 4 Site,Farmer_1172,Lime,6,18,108,2026-07-12,Delivered
1176,Rwamagana,Sector 9,Sector 9 Site,Farmer_1176,Lime,32,18,576,2026-07-12,Booked
1178,Gatsibo,Sector 4,Sector 4 Site,Farmer_1178,Lime,49,18,882,2026-07-12,Booked
1182,Kayonza,Sector 3,Sector 3 Site,Farmer_1182,Lime,41,18,738,2026-07-23,Delivered
1184,Kayonza,Sector 5,Sector 5 Site,Farmer_1184,Lime,23,18,414,2026-07-24,Pending
1187,Gasabo,Sector 1,Sector 1 Site,Farmer_1187,Lime,54,18,972,2026-07-24,Delivered
1188,Gicumbi,Sector 8,Sector 8 Site,Farmer_1188,Lime,47,18,846,2026-07-04,Booked
1195,Rusizi,Sector 12,Sector 12 Site,Farmer_1195,Lime,42,18,756,2026-07-18,Delivered
1196,Rubavu,Sector 6,Sector 6 Site,Farmer_1196,Lime,41,18,738,2026-07-13,Pending
1199,Rulindo,Sector 10,Sector 10 Site,Farmer_1199,Lime,18,18,324,2026-07-28,Booked
1201,Nyamasheke,Sector 9,Sector 9 Site,Farmer_1201,Lime,40,18,720,2026-07-28,Pending
1210,Nyanza,Sector 2,Sector 2 Site,Farmer_1210,Lime,60,18,1080,2026-07-11,Delivered
1213,Kamonyi,Sector 1,Sector 1 Site,Farmer_1213,Lime,49,18,882,2026-07-26,Booked
1215,Kamonyi,Sector 5,Sector 5 Site,Farmer_1215,Lime,37,18,666,2026-07-24,Booked
1219,Bugesera,Sector 5,Sector 5 Site,Farmer_1219,Lime,31,18,558,2026-07-19,Pending
1220,Rwamagana,Sector 1,Sector 1 Site,Farmer_1220,Lime,47,18,846,2026-07-25,Booked
1227,Kayonza,Sector 9,Sector 9 Site,Farmer_1227,Lime,42,18,756,2026-07-18,Delivered
1229,Gakenke,Sector 10,Sector 10 Site,Farmer_1229,Lime,45,18,810,2026-07-22,Pending
1239,Rubavu,Sector 4,Sector 4 Site,Farmer_1239,Lime,26,18,468,2026-07-16,Delivered
1241,Nyarugenge,Sector 3,Sector 3 Site,Farmer_1241,Lime,12,18,216,2026-07-17,Pending
1245,Nyarugenge,Sector 10,Sector 10 Site,Farmer_1245,Lime,45,18,810,2026-07-07,Delivered
1247,Gisagara,Sector 5,Sector 5 Site,Farmer_1247,Lime,31,18,558,2026-07-27,Delivered
1254,Nyamasheke,Sector 8,Sector 8 Site,Farmer_1254,Lime,29,18,522,2026-07-13,Booked
1256,Ruhango,Sector 5,Sector 5 Site,Farmer_1256,Lime,21,18,378,2026-07-12,Booked
1260,Kicukiro,Sector 2,Sector 2 Site,Farmer_1260,Lime,5,18,90,2026-07-21,Pending
1271,Gasabo,Sector 10,Sector 10 Site,Farmer_1271,Lime,10,18,180,2026-07-05,Booked
1276,Gasabo,Sector 5,Sector 5 Site,Farmer_1276,Lime,33,18,594,2026-07-25,Booked
1277,Gicumbi,Sector 9,Sector 9 Site,Farmer_1277,Lime,12,18,216,2026-07-12,Pending
1279,Gakenke,Sector 5,Sector 5 Site,Farmer_1279,Lime,27,18,486,2026-07-01,Delivered
1281,Bugesera,Sector 6,Sector 6 Site,Farmer_1281,Lime,35,18,630,2026-07-10,Delivered
1283,Rulindo,Sector 5,Sector 5 Site,Farmer_1283,Lime,48,18,864,2026-07-08,Delivered
1293,Rutsiro,Sector 3,Sector 3 Site,Farmer_1293,Lime,37,18,666,2026-07-19,Booked
1312,Gicumbi,Sector 7,Sector 7 Site,Farmer_1312,Lime,11,18,198,2026-07-26,Delivered
1314,Nyamasheke,Sector 4,Sector 4 Site,Farmer_1314,Lime,11,18,198,2026-07-27,Pending
1328,Rulindo,Sector 1,Sector 1 Site,Farmer_1328,Lime,41,18,738,2026-07-01,Delivered
1330,Musanze,Sector 4,Sector 4 Site,Farmer_1330,Lime,53,18,954,2026-07-18,Delivered
1332,Gakenke,Sector 3,Sector 3 Site,Farmer_1332,Lime,15,18,270,2026-07-11,Pending
1336,Nyanza,Sector 10,Sector 10 Site,Farmer_1336,Lime,19,18,342,2026-07-09,Booked
1337,Gakenke,Sector 12,Sector 12 Site,Farmer_1337,Lime,34,18,612,2026-07-13,Booked
1340,Rwamagana,Sector 1,Sector 1 Site,Farmer_1340,Lime,15,18,270,2026-07-05,Booked
1354,Kirehe,Sector 4,Sector 4 Site,Farmer_1354,Lime,35,18,630,2026-07-07,Pending
1355,Kayonza,Sector 12,Sector 12 Site,Farmer_1355,Lime,50,18,900,2026-07-18,Delivered
1359,Bugesera,Sector 12,Sector 12 Site,Farmer_1359,Lime,40,18,720,2026-07-31,Pending
1360,Burera,Sector 2,Sector 2 Site,Farmer_1360,Lime,12,18,216,2026-07-04,Booked
1371,Burera,Sector 7,Sector 7 Site,Farmer_1371,Lime,9,18,162,2026-07-26,Pending
1373,Nyabihu,Sector 6,Sector 6 Site,Farmer_1373,Lime,45,18,810,2026-07-12,Booked
1377,Kicukiro,Sector 1,Sector 1 Site,Farmer_1377,Lime,35,18,630,2026-07-08,Booked
1378,Muhanga,Sector 1,Sector 1 Site,Farmer_1378,Lime,34,18,612,2026-07-13,Pending
1380,Ruhango,Sector 4,Sector 4 Site,Farmer_1380,Lime,15,18,270,2026-07-17,Booked
1381,Gisagara,Sector 5,Sector 5 Site,Farmer_1381,Lime,32,18,576,2026-07-13,Pending
1383,Rulindo,Sector 11,Sector 11 Site,Farmer_1383,Lime,49,18,882,2026-07-02,Delivered
1386,Ngoma,Sector 1,Sector 1 Site,Farmer_1386,Lime,58,18,1044,2026-07-26,Booked
1390,Nyagatare,Sector 11,Sector 11 Site,Farmer_1390,Lime,32,18,576,2026-07-13,Delivered
1391,Gatsibo,Sector 11,Sector 11 Site,Farmer_1391,Lime,18,18,324,2026-07-28,Pending
1396,Rusizi,Sector 11,Sector 11 Site,Farmer_1396,Lime,23,18,414,2026-07-29,Pending
1399,Rubavu,Sector 2,Sector 2 Site,Farmer_1399,Lime,6,18,108,2026-07-08,Pending
1400,Karongi,Sector 9,Sector 9 Site,Farmer_1400,Lime,13,18,234,2026-07-02,Pending
1402,Kamonyi,Sector 5,Sector 5 Site,Farmer_1402,Lime,36,18,648,2026-07-07,Booked
1405,Gasabo,Sector 5,Sector 5 Site,Farmer_1405,Lime,42,18,756,2026-07-26,Booked
1408,Kirehe,Sector 9,Sector 9 Site,Farmer_1408,Lime,39,18,702,2026-07-27,Pending
1409,Rutsiro,Sector 6,Sector 6 Site,Farmer_1409,Lime,26,18,468,2026-07-16,Delivered
1413,Gisagara,Sector 2,Sector 2 Site,Farmer_1413,Lime,35,18,630,2026-07-28,Pending
1415,Kicukiro,Sector 12,Sector 12 Site,Farmer_1415,Lime,27,18,486,2026-07-27,Pending
1416,Burera,Sector 2,Sector 2 Site,Farmer_1416,Lime,53,18,954,2026-07-13,Pending
1417,Gatsibo,Sector 4,Sector 4 Site,Farmer_1417,Lime,43,18,774,2026-07-24,Booked
1418,Karongi,Sector 8,Sector 8 Site,Farmer_1418,Lime,42,18,756,2026-07-20,Delivered
1420,Kamonyi,Sector 1,Sector 1 Site,Farmer_1420,Lime,41,18,738,2026-07-05,Booked
1423,Gatsibo,Sector 6,Sector 6 Site,Farmer_1423,Lime,41,18,738,2026-07-24,Pending
1428,Nyaruguru,Sector 6,Sector 6 Site,Farmer_1428,Lime,30,18,540,2026-07-09,Pending
1432,Nyagatare,Sector 5,Sector 5 Site,Farmer_1432,Lime,33,18,594,2026-07-10,Delivered
1433,Rubavu,Sector 3,Sector 3 Site,Farmer_1433,Lime,26,18,468,2026-07-13,Pending
1437,Huye,Sector 8,Sector 8 Site,Farmer_1437,Lime,57,18,1026,2026-07-07,Pending
1438,Rubavu,Sector 8,Sector 8 Site,Farmer_1438,Lime,7,18,126,2026-07-15,Booked
1440,Muhanga,Sector 6,Sector 6 Site,Farmer_1440,Lime,55,18,990,2026-07-21,Delivered
1444,Musanze,Sector 5,Sector 5 Site,Farmer_1444,Lime,8,18,144,2026-07-11,Pending
1448,Nyaruguru,Sector 8,Sector 8 Site,Farmer_1448,Lime,19,18,342,2026-07-09,Delivered
1451,Gakenke,Sector 1,Sector 1 Site,Farmer_1451,Lime,45,18,810,2026-07-17,Delivered
1457,Ngororero,Sector 12,Sector 12 Site,Farmer_1457,Lime,7,18,126,2026-07-14,Pending
1469,Kirehe,Sector 5,Sector 5 Site,Farmer_1469,Lime,47,18,846,2026-07-16,Delivered
1471,Nyanza,Sector 9,Sector 9 Site,Farmer_1471,Lime,22,18,396,2026-07-09,Delivered
1472,Rulindo,Sector 10,Sector 10 Site,Farmer_1472,Lime,23,18,414,2026-07-23,Booked
1474,Ngororero,Sector 7,Sector 7 Site,Farmer_1474,Lime,46,18,828,2026-07-06,Booked
1477,Rwamagana,Sector 12,Sector 12 Site,Farmer_1477,Lime,18,18,324,2026-07-08,Pending
1490,Rulindo,Sector 3,Sector 3 Site,Farmer_1490,Lime,54,18,972,2026-07-18,Booked
1491,Rulindo,Sector 11,Sector 11 Site,Farmer_1491,Lime,58,18,1044,2026-07-29,Delivered
1499,Huye,Sector 10,Sector 10 Site,Farmer_1499,Lime,28,18,504,2026-07-29,Pending
1500,Muhanga,Sector 5,Sector 5 Site,Farmer_1500,Lime,17,18,306,2026-07-04,Pending
1503,Rwamagana,Sector 9,Sector 9 Site,Farmer_1503,Lime,36,18,648,2026-07-18,Delivered
1511,Kicukiro,Sector 3,Sector 3 Site,Farmer_1511,Lime,36,18,648,2026-07-08,Delivered
1513,Rutsiro,Sector 5,Sector 5 Site,Farmer_1513,Lime,6,18,108,2026-07-28,Pending
1515,Rwamagana,Sector 3,Sector 3 Site,Farmer_1515,Lime,41,18,738,2026-07-12,Delivered
1518,Gakenke,Sector 1,Sector 1 Site,Farmer_1518,Lime,35,18,630,2026-07-13,Booked
1528,Gicumbi,Sector 10,Sector 10 Site,Farmer_1528,Lime,10,18,180,2026-07-04,Delivered
1531,Kicukiro,Sector 1,Sector 1 Site,Farmer_1531,Lime,47,18,846,2026-07-13,Delivered
1536,Huye,Sector 9,Sector 9 Site,Farmer_1536,Lime,9,18,162,2026-07-13,Booked
1539,Rubavu,Sector 7,Sector 7 Site,Farmer_1539,Lime,58,18,1044,2026-07-25,Pending
1540,Gakenke,Sector 2,Sector 2 Site,Farmer_1540,Lime,50,18,900,2026-07-11,Delivered
1542,Kamonyi,Sector 3,Sector 3 Site,Farmer_1542,Lime,50,18,900,2026-07-24,Delivered
1550,Kamonyi,Sector 5,Sector 5 Site,Farmer_1550,Lime,33,18,594,2026-07-21,Pending
1554,Rutsiro,Sector 5,Sector 5 Site,Farmer_1554,Lime,5,18,90,2026-07-31,Pending
1555,Ngororero,Sector 11,Sector 11 Site,Farmer_1555,Lime,56,18,1008,2026-07-29,Booked
1565,Gasabo,Sector 1,Sector 1 Site,Farmer_1565,Lime,16,18,288,2026-07-10,Delivered
1569,Karongi,Sector 9,Sector 9 Site,Farmer_1569,Lime,26,18,468,2026-07-03,Booked
1573,Rutsiro,Sector 3,Sector 3 Site,Farmer_1573,Lime,35,18,630,2026-07-07,Delivered
1575,Karongi,Sector 12,Sector 12 Site,Farmer_1575,Lime,34,18,612,2026-07-29,Pending
1579,Kicukiro,Sector 12,Sector 12 Site,Farmer_1579,Lime,10,18,180,2026-07-01,Delivered
1580,Gakenke,Sector 4,Sector 4 Site,Farmer_1580,Lime,23,18,414,2026-07-03,Booked
1585,Nyagatare,Sector 4,Sector 4 Site,Farmer_1585,Lime,48,18,864,2026-07-29,Booked
1598,Nyaruguru,Sector 9,Sector 9 Site,Farmer_1598,Lime,45,18,810,2026-07-17,Delivered
1603,Musanze,Sector 5,Sector 5 Site,Farmer_1603,Lime,44,18,792,2026-07-01,Booked
1604,Rutsiro,Sector 3,Sector 3 Site,Farmer_1604,Lime,20,18,360,2026-07-23,Pending
1608,Gatsibo,Sector 10,Sector 10 Site,Farmer_1608,Lime,30,18,540,2026-07-26,Pending
1611,Musanze,Sector 10,Sector 10 Site,Farmer_1611,Lime,41,18,738,2026-07-26,Delivered
1613,Gicumbi,Sector 3,Sector 3 Site,Farmer_1613,Lime,48,18,864,2026-07-04,Delivered
1615,Kicukiro,Sector 9,Sector 9 Site,Farmer_1615,Lime,15,18,270,2026-07-20,Booked
1617,Nyanza,Sector 9,Sector 9 Site,Farmer_1617,Lime,57,18,1026,2026-07-19,Delivered
1621,Rusizi,Sector 11,Sector 11 Site,Farmer_1621,Lime,18,18,324,2026-07-26,Delivered
1622,Rwamagana,Sector 6,Sector 6 Site,Farmer_1622,Lime,48,18,864,2026-07-05,Delivered
1624,Kayonza,Sector 8,Sector 8 Site,Farmer_1624,Lime,57,18,1026,2026-07-05,Delivered
1625,Gicumbi,Sector 9,Sector 9 Site,Farmer_1625,Lime,52,18,936,2026-07-17,Booked
1628,Bugesera,Sector 1,Sector 1 Site,Farmer_1628,Lime,57,18,1026,2026-07-30,Booked
1637,Gatsibo,Sector 9,Sector 9 Site,Farmer_1637,Lime,17,18,306,2026-07-26,Booked
1642,Gakenke,Sector 9,Sector 9 Site,Farmer_1642,Lime,27,18,486,2026-07-01,Pending
1644,Rwamagana,Sector 11,Sector 11 Site,Farmer_1644,Lime,14,18,252,2026-07-18,Delivered
1649,Nyagatare,Sector 12,Sector 12 Site,Farmer_1649,Lime,24,18,432,2026-07-01,Pending
1652,Nyarugenge,Sector 10,Sector 10 Site,Farmer_1652,Lime,27,18,486,2026-07-30,Delivered
1653,Nyaruguru,Sector 1,Sector 1 Site,Farmer_1653,Lime,48,18,864,2026-07-21,Delivered
1655,Rulindo,Sector 11,Sector 11 Site,Farmer_1655,Lime,28,18,504,2026-07-23,Delivered
1662,Ruhango,Sector 10,Sector 10 Site,Farmer_1662,Lime,20,18,360,2026-07-11,Delivered
1664,Rusizi,Sector 3,Sector 3 Site,Farmer_1664,Lime,36,18,648,2026-07-29,Delivered
1665,Rutsiro,Sector 3,Sector 3 Site,Farmer_1665,Lime,40,18,720,2026-07-31,Pending
1666,Kicukiro,Sector 1,Sector 1 Site,Farmer_1666,Lime,17,18,306,2026-07-08,Booked
1668,Burera,Sector 6,Sector 6 Site,Farmer_1668,Lime,19,18,342,2026-07-19,Booked
1669,Ngoma,Sector 3,Sector 3 Site,Farmer_1669,Lime,48,18,864,2026-07-16,Delivered
1670,Nyabihu,Sector 1,Sector 1 Site,Farmer_1670,Lime,28,18,504,2026-07-05,Booked
1677,Huye,Sector 6,Sector 6 Site,Farmer_1677,Lime,51,18,918,2026-07-27,Delivered
1678,Burera,Sector 10,Sector 10 Site,Farmer_1678,Lime,48,18,864,2026-07-08,Booked
1682,Rwamagana,Sector 5,Sector 5 Site,Farmer_1682,Lime,9,18,162,2026-07-22,Booked
1683,Musanze,Sector 9,Sector 9 Site,Farmer_1683,Lime,14,18,252,2026-07-08,Pending
1685,Kamonyi,Sector 4,Sector 4 Site,Farmer_1685,Lime,26,18,468,2026-07-19,Delivered
1689,Rwamagana,Sector 3,Sector 3 Site,Farmer_1689,Lime,51,18,918,2026-07-18,Booked
1692,Kirehe,Sector 7,Sector 7 Site,Farmer_1692,Lime,21,18,378,2026-07-28,Pending
1696,Rubavu,Sector 6,Sector 6 Site,Farmer_1696,Lime,56,18,1008,2026-07-31,Booked
1699,Rubavu,Sector 11,Sector 11 Site,Farmer_1699,Lime,21,18,378,2026-07-24,Delivered
1704,Nyaruguru,Sector 7,Sector 7 Site,Farmer_1704,Lime,41,18,738,2026-07-28,Delivered
1708,Musanze,Sector 2,Sector 2 Site,Farmer_1708,Lime,15,18,270,2026-07-24,Pending
1709,Nyanza,Sector 7,Sector 7 Site,Farmer_1709,Lime,21,18,378,2026-07-20,Delivered
1712,Musanze,Sector 4,Sector 4 Site,Farmer_1712,Lime,54,18,972,2026-07-18,Booked
1713,Gakenke,Sector 10,Sector 10 Site,Farmer_1713,Lime,12,18,216,2026-07-25,Delivered
1716,Bugesera,Sector 5,Sector 5 Site,Farmer_1716,Lime,9,18,162,2026-07-26,Delivered
1722,Rusizi,Sector 1,Sector 1 Site,Farmer_1722,Lime,39,18,702,2026-07-13,Pending
1738,Gisagara,Sector 3,Sector 3 Site,Farmer_1738,Lime,42,18,756,2026-07-08,Booked
1740,Burera,Sector 6,Sector 6 Site,Farmer_1740,Lime,48,18,864,2026-07-15,Delivered
1741,Musanze,Sector 10,Sector 10 Site,Farmer_1741,Lime,43,18,774,2026-07-22,Pending
1746,Kamonyi,Sector 12,Sector 12 Site,Farmer_1746,Lime,18,18,324,2026-07-27,Delivered
1757,Rwamagana,Sector 1,Sector 1 Site,Farmer_1757,Lime,50,18,900,2026-07-31,Booked
1762,Gakenke,Sector 3,Sector 3 Site,Farmer_1762,Lime,55,18,990,2026-07-08,Pending
1768,Rwamagana,Sector 12,Sector 12 Site,Farmer_1768,Lime,32,18,576,2026-07-22,Pending
1769,Rwamagana,Sector 3,Sector 3 Site,Farmer_1769,Lime,8,18,144,2026-07-30,Pending
1773,Nyabihu,Sector 2,Sector 2 Site,Farmer_1773,Lime,13,18,234,2026-07-06,Booked
1774,Nyagatare,Sector 5,Sector 5 Site,Farmer_1774,Lime,51,18,918,2026-07-10,Booked
1775,Karongi,Sector 1,Sector 1 Site,Farmer_1775,Lime,27,18,486,2026-07-28,Booked
1780,Nyagatare,Sector 10,Sector 10 Site,Farmer_1780,Lime,16,18,288,2026-07-20,Booked
1787,Nyanza,Sector 4,Sector 4 Site,Farmer_1787,Lime,23,18,414,2026-07-17,Pending
1788,Nyamasheke,Sector 9,Sector 9 Site,Farmer_1788,Lime,45,18,810,2026-07-05,Pending
1795,Rulindo,Sector 6,Sector 6 Site,Farmer_1795,Lime,36,18,648,2026-07-01,Booked
1796,Rubavu,Sector 12,Sector 12 Site,Farmer_1796,Lime,54,18,972,2026-07-29,Pending
1800,Huye,Sector 4,Sector 4 Site,Farmer_1800,Lime,44,18,792,2026-07-11,Booked
1803,Ngororero,Sector 9,Sector 9 Site,Farmer_1803,Lime,58,18,1044,2026-07-28,Delivered
1804,Huye,Sector 8,Sector 8 Site,Farmer_1804,Lime,46,18,828,2026-07-04,Booked
1806,Gicumbi,Sector 7,Sector 7 Site,Farmer_1806,Lime,27,18,486,2026-07-24,Delivered
1811,Rwamagana,Sector 12,Sector 12 Site,Farmer_1811,Lime,48,18,864,2026-07-03,Booked
1812,Huye,Sector 9,Sector 9 Site,Farmer_1812,Lime,19,18,342,2026-07-29,Pending
1815,Bugesera,Sector 2,Sector 2 Site,Farmer_1815,Lime,56,18,1008,2026-07-19,Booked
1816,Gicumbi,Sector 3,Sector 3 Site,Farmer_1816,Lime,26,18,468,2026-07-01,Delivered
1819,Kirehe,Sector 1,Sector 1 Site,Farmer_1819,Lime,34,18,612,2026-07-11,Delivered
1831,Rwamagana,Sector 5,Sector 5 Site,Farmer_1831,Lime,9,18,162,2026-07-06,Delivered
1832,Karongi,Sector 5,Sector 5 Site,Farmer_1832,Lime,55,18,990,2026-07-27,Booked
1841,Ngororero,Sector 4,Sector 4 Site,Farmer_1841,Lime,22,18,396,2026-07-28,Booked
1844,Gicumbi,Sector 9,Sector 9 Site,Farmer_1844,Lime,47,18,846,2026-07-15,Delivered
1849,Kamonyi,Sector 7,Sector 7 Site,Farmer_1849,Lime,20,18,360,2026-07-10,Pending
1860,Nyaruguru,Sector 3,Sector 3 Site,Farmer_1860,Lime,5,18,90,2026-07-31,Booked
1872,Gasabo,Sector 2,Sector 2 Site,Farmer_1872,Lime,20,18,360,2026-07-16,Delivered
1874,Nyagatare,Sector 1,Sector 1 Site,Farmer_1874,Lime,26,18,468,2026-07-20,Delivered
1877,Kamonyi,Sector 5,Sector 5 Site,Farmer_1877,Lime,30,18,540,2026-07-05,Delivered
1887,Rusizi,Sector 11,Sector 11 Site,Farmer_1887,Lime,35,18,630,2026-07-14,Booked
1895,Kamonyi,Sector 6,Sector 6 Site,Farmer_1895,Lime,50,18,900,2026-07-16,Delivered
1896,Kicukiro,Sector 4,Sector 4 Site,Farmer_1896,Lime,18,18,324,2026-07-30,Pending
1901,Muhanga,Sector 11,Sector 11 Site,Farmer_1901,Lime,49,18,882,2026-07-21,Delivered
1903,Kamonyi,Sector 2,Sector 2 Site,Farmer_1903,Lime,28,18,504,2026-07-22,Booked
1904,Burera,Sector 3,Sector 3 Site,Farmer_1904,Lime,6,18,108,2026-07-10,Pending
1905,Rwamagana,Sector 8,Sector 8 Site,Farmer_1905,Lime,11,18,198,2026-07-17,Booked
1906,Nyanza,Sector 6,Sector 6 Site,Farmer_1906,Lime,35,18,630,2026-07-04,Pending
1910,Nyaruguru,Sector 9,Sector 9 Site,Farmer_1910,Lime,42,18,756,2026-07-02,Booked
1913,Ngororero,Sector 7,Sector 7 Site,Farmer_1913,Lime,15,18,270,2026-07-05,Delivered
1915,Gasabo,Sector 11,Sector 11 Site,Farmer_1915,Lime,30,18,540,2026-07-30,Delivered
1918,Ruhango,Sector 7,Sector 7 Site,Farmer_1918,Lime,5,18,90,2026-07-02,Pending
1920,Karongi,Sector 4,Sector 4 Site,Farmer_1920,Lime,42,18,756,2026-07-16,Booked
1926,Ruhango,Sector 5,Sector 5 Site,Farmer_1926,Lime,36,18,648,2026-07-15,Pending
1940,Rulindo,Sector 7,Sector 7 Site,Farmer_1940,Lime,36,18,648,2026-07-22,Pending
1941,Nyarugenge,Sector 12,Sector 12 Site,Farmer_1941,Lime,26,18,468,2026-07-22,Delivered
1946,Rwamagana,Sector 8,Sector 8 Site,Farmer_1946,Lime,46,18,828,2026-07-24,Pending
1947,Rusizi,Sector 10,Sector 10 Site,Farmer_1947,Lime,31,18,558,2026-07-08,Booked
1952,Gatsibo,Sector 11,Sector 11 Site,Farmer_1952,Lime,59,18,1062,2026-07-18,Booked
1956,Kamonyi,Sector 6,Sector 6 Site,Farmer_1956,Lime,31,18,558,2026-07-12,Booked
1957,Kirehe,Sector 11,Sector 11 Site,Farmer_1957,Lime,46,18,828,2026-07-11,Booked
1960,Karongi,Sector 4,Sector 4 Site,Farmer_1960,Lime,8,18,144,2026-07-03,Pending
1962,Ngoma,Sector 5,Sector 5 Site,Farmer_1962,Lime,7,18,126,2026-07-05,Delivered
1963,Rulindo,Sector 9,Sector 9 Site,Farmer_1963,Lime,7,18,126,2026-07-03,Booked
1966,Burera,Sector 9,Sector 9 Site,Farmer_1966,Lime,51,18,918,2026-07-03,Delivered
1967,Nyamasheke,Sector 10,Sector 10 Site,Farmer_1967,Lime,6,18,108,2026-07-18,Pending
1968,Gisagara,Sector 3,Sector 3 Site,Farmer_1968,Lime,32,18,576,2026-07-11,Delivered
1970,Gisagara,Sector 11,Sector 11 Site,Farmer_1970,Lime,31,18,558,2026-07-16,Delivered
1972,Rusizi,Sector 9,Sector 9 Site,Farmer_1972,Lime,44,18,792,2026-07-15,Pending
1976,Gasabo,Sector 3,Sector 3 Site,Farmer_1976,Lime,37,18,666,2026-07-04,Delivered
1977,Ngororero,Sector 4,Sector 4 Site,Farmer_1977,Lime,32,18,576,2026-07-15,Delivered
1980,Rusizi,Sector 8,Sector 8 Site,Farmer_1980,Lime,15,18,270,2026-07-30,Booked
1981,Nyanza,Sector 11,Sector 11 Site,Farmer_1981,Lime,28,18,504,2026-07-30,Delivered
1991,Nyagatare,Sector 2,Sector 2 Site,Farmer_1991,Lime,40,18,720,2026-07-03,Pending
1992,Rwamagana,Sector 4,Sector 4 Site,Farmer_1992,Lime,11,18,198,2026-07-29,Booked
